{
  "run_name": "run_1",
  "modified": {
    "n_events": 10000,
    "n_total_particles": 9688162,
    "system_label": "Au+Au @ 10.0 GeV",
    "sqrt_s_NN": 10.0,
    "A1": 197,
    "Z1": 79,
    "A2": 197,
    "Z2": 79,
    "n_avg_per_event": 968.8162,
    "n_std_per_event": 19.13276816250069,
    "pt": {
      "mean": 0.4623180329799652,
      "std": 0.3528127074241638,
      "median": 0.36728203296661377,
      "min": 0.00013587460853159428,
      "max": 4.294131755828857
    },
    "y": {
      "mean": -1.3752909580944106e-05,
      "std": 0.8636474013328552,
      "median": -0.00036634510615840554,
      "min": -4.012426376342773,
      "max": 3.7213358879089355
    },
    "eta": {
      "mean": -0.0001157524820882827,
      "std": 1.3412940502166748,
      "median": -0.0005161026492714882,
      "min": -9.12167739868164,
      "max": 10.372697830200195
    },
    "theta_deg": {
      "mean": 90.00750732421875,
      "std": 49.70146179199219
    },
    "phi_deg": {
      "mean": 180.0027313232422,
      "std": 103.92080688476562
    }
  },
  "unmodified": {
    "n_events": 10000,
    "n_total_particles": 9902781,
    "system_label": "Au+Au @ 10.0 GeV",
    "sqrt_s_NN": 10.0,
    "A1": 197,
    "Z1": 79,
    "A2": 197,
    "Z2": 79,
    "n_avg_per_event": 990.2781,
    "n_std_per_event": 19.107337867688425,
    "pt": {
      "mean": 0.46965503692626953,
      "std": 0.35471469163894653,
      "median": 0.3749818205833435,
      "min": 0.00010722807928686962,
      "max": 3.8581981658935547
    },
    "y": {
      "mean": -0.0002864717098418623,
      "std": 0.8449968695640564,
      "median": -6.824778211012017e-06,
      "min": -3.9789700508117676,
      "max": 3.8675637245178223
    },
    "eta": {
      "mean": -0.0005707553937099874,
      "std": 1.2613457441329956,
      "median": -1.07287787614041e-05,
      "min": -9.536110877990723,
      "max": 8.777743339538574
    },
    "theta_deg": {
      "mean": 90.01303100585938,
      "std": 48.79767608642578
    },
    "phi_deg": {
      "mean": 179.97354125976562,
      "std": 103.90523529052734
    }
  },
  "cumulative": {
    "total_events_modified": 10000,
    "total_events_unmodified": 10000,
    "total_particles_modified": 9688162,
    "total_particles_unmodified": 9902781,
    "signatures_detected": 0,
    "avg_multiplicity_modified": 968.8162,
    "avg_multiplicity_unmodified": 990.2781,
    "forbidden_breakdown_modified": {
      "very_forward": 258,
      "very_backward": 842,
      "impossible_kin": 0,
      "extreme_sideways": 11045
    },
    "forbidden_breakdown_unmodified": {
      "very_forward": 181,
      "very_backward": 822,
      "impossible_kin": 0,
      "extreme_sideways": 12071
    },
    "n_angular_samples_modified": 9688162,
    "n_angular_samples_unmodified": 9902781
  }
}