{
  "run_name": "run_6",
  "modified": {
    "n_events": 1000,
    "n_total_particles": 393064,
    "system_label": "Xe-129+Au-197 @ 2.0 GeV",
    "sqrt_s_NN": 2.0,
    "A1": 129,
    "Z1": 54,
    "A2": 197,
    "Z2": 79,
    "n_avg_per_event": 393.064,
    "n_std_per_event": 12.257646756208958,
    "pt": {
      "mean": 0.40975281596183777,
      "std": 0.29008281230926514,
      "median": 0.3426528871059418,
      "min": 0.0009463101741857827,
      "max": 2.6906979084014893
    },
    "y": {
      "mean": -0.16033969819545746,
      "std": 0.6362600326538086,
      "median": -0.21124064922332764,
      "min": -2.9224586486816406,
      "max": 2.5955617427825928
    },
    "eta": {
      "mean": -0.370823472738266,
      "std": 1.5175302028656006,
      "median": -0.3921423852443695,
      "min": -7.611368656158447,
      "max": 7.216133117675781
    },
    "theta_deg": {
      "mean": 103.57206726074219,
      "std": 53.08656311035156
    },
    "phi_deg": {
      "mean": 180.17300415039062,
      "std": 103.5676040649414
    }
  },
  "unmodified": {
    "n_events": 1000,
    "n_total_particles": 393537,
    "system_label": "Xe-129+Au-197 @ 2.0 GeV",
    "sqrt_s_NN": 2.0,
    "A1": 129,
    "Z1": 54,
    "A2": 197,
    "Z2": 79,
    "n_avg_per_event": 393.537,
    "n_std_per_event": 12.063773497542135,
    "pt": {
      "mean": 0.4256802797317505,
      "std": 0.2925845682621002,
      "median": 0.36161741614341736,
      "min": 0.00044017695472575724,
      "max": 2.5097739696502686
    },
    "y": {
      "mean": -0.15945827960968018,
      "std": 0.6217776536941528,
      "median": -0.20021620392799377,
      "min": -2.8681390285491943,
      "max": 2.8075337409973145
    },
    "eta": {
      "mean": -0.3714626133441925,
      "std": 1.4238839149475098,
      "median": -0.3741312623023987,
      "min": -7.486932754516602,
      "max": 8.519577980041504
    },
    "theta_deg": {
      "mean": 103.53632354736328,
      "std": 51.58799743652344
    },
    "phi_deg": {
      "mean": 179.9552764892578,
      "std": 103.51628875732422
    }
  },
  "cumulative": {
    "total_events_modified": 1000,
    "total_events_unmodified": 1000,
    "total_particles_modified": 393064,
    "total_particles_unmodified": 393537,
    "signatures_detected": 0,
    "avg_multiplicity_modified": 393.064,
    "avg_multiplicity_unmodified": 393.537,
    "forbidden_breakdown_modified": {
      "very_forward": 0,
      "very_backward": 0,
      "impossible_kin": 0,
      "extreme_sideways": 156
    },
    "forbidden_breakdown_unmodified": {
      "very_forward": 0,
      "very_backward": 0,
      "impossible_kin": 0,
      "extreme_sideways": 184
    },
    "total_forbidden_modified": 156,
    "total_forbidden_unmodified": 184,
    "n_angular_samples_modified": 393064,
    "n_angular_samples_unmodified": 393537
  }
}