{
  "run_name": "run_4",
  "modified": {
    "n_events": 1000,
    "n_total_particles": 392559,
    "system_label": "Xe-129+Au-197 @ 2.0 GeV",
    "sqrt_s_NN": 2.0,
    "A1": 129,
    "Z1": 54,
    "A2": 197,
    "Z2": 79,
    "n_avg_per_event": 392.559,
    "n_std_per_event": 11.817720550089174,
    "pt": {
      "mean": 0.4111643135547638,
      "std": 0.2914969027042389,
      "median": 0.34391143918037415,
      "min": 0.00027143393526785076,
      "max": 2.982755184173584
    },
    "y": {
      "mean": -0.1602611243724823,
      "std": 0.6346653699874878,
      "median": -0.20920096337795258,
      "min": -3.1875836849212646,
      "max": 2.8885622024536133
    },
    "eta": {
      "mean": -0.37147289514541626,
      "std": 1.5162402391433716,
      "median": -0.38632285594940186,
      "min": -8.351213455200195,
      "max": 8.644506454467773
    },
    "theta_deg": {
      "mean": 103.58751678466797,
      "std": 53.00299072265625
    },
    "phi_deg": {
      "mean": 180.10101318359375,
      "std": 103.55277252197266
    }
  },
  "unmodified": {
    "n_events": 1000,
    "n_total_particles": 394860,
    "system_label": "Xe-129+Au-197 @ 2.0 GeV",
    "sqrt_s_NN": 2.0,
    "A1": 129,
    "Z1": 54,
    "A2": 197,
    "Z2": 79,
    "n_avg_per_event": 394.86,
    "n_std_per_event": 12.086041535589723,
    "pt": {
      "mean": 0.4269775152206421,
      "std": 0.29304882884025574,
      "median": 0.3635628819465637,
      "min": 0.0005854889168404043,
      "max": 2.745469331741333
    },
    "y": {
      "mean": -0.15881764888763428,
      "std": 0.6185277700424194,
      "median": -0.199379101395607,
      "min": -2.6477105617523193,
      "max": 2.751060962677002
    },
    "eta": {
      "mean": -0.3687143325805664,
      "std": 1.415338397026062,
      "median": -0.3695218563079834,
      "min": -8.076953887939453,
      "max": 7.245006084442139
    },
    "theta_deg": {
      "mean": 103.48519134521484,
      "std": 51.30525588989258
    },
    "phi_deg": {
      "mean": 180.0677490234375,
      "std": 103.65482330322266
    }
  },
  "cumulative": {
    "total_events_modified": 1000,
    "total_events_unmodified": 1000,
    "total_particles_modified": 392559,
    "total_particles_unmodified": 394860,
    "signatures_detected": 1,
    "avg_multiplicity_modified": 392.559,
    "avg_multiplicity_unmodified": 394.86,
    "forbidden_breakdown_modified": {
      "very_forward": 0,
      "very_backward": 0,
      "impossible_kin": 0,
      "extreme_sideways": 164
    },
    "forbidden_breakdown_unmodified": {
      "very_forward": 0,
      "very_backward": 0,
      "impossible_kin": 0,
      "extreme_sideways": 153
    },
    "total_forbidden_modified": 164,
    "total_forbidden_unmodified": 153,
    "n_angular_samples_modified": 392559,
    "n_angular_samples_unmodified": 394860
  }
}