{
  "run_name": "run_2",
  "modified": {
    "n_events": 1000,
    "n_total_particles": 391835,
    "system_label": "Xe-129+Au-197 @ 2.0 GeV",
    "sqrt_s_NN": 2.0,
    "A1": 129,
    "Z1": 54,
    "A2": 197,
    "Z2": 79,
    "n_avg_per_event": 391.835,
    "n_std_per_event": 12.16362507643178,
    "pt": {
      "mean": 0.4098067283630371,
      "std": 0.29114559292793274,
      "median": 0.34186986088752747,
      "min": 0.00046017419663257897,
      "max": 2.677879571914673
    },
    "y": {
      "mean": -0.15998846292495728,
      "std": 0.6378423571586609,
      "median": -0.21188552677631378,
      "min": -2.902181625366211,
      "max": 2.590932607650757
    },
    "eta": {
      "mean": -0.36983877420425415,
      "std": 1.5237092971801758,
      "median": -0.3938466012477875,
      "min": -7.724775791168213,
      "max": 7.115236759185791
    },
    "theta_deg": {
      "mean": 103.58123016357422,
      "std": 53.260501861572266
    },
    "phi_deg": {
      "mean": 179.93466186523438,
      "std": 103.4844741821289
    }
  },
  "unmodified": {
    "n_events": 1000,
    "n_total_particles": 394256,
    "system_label": "Xe-129+Au-197 @ 2.0 GeV",
    "sqrt_s_NN": 2.0,
    "A1": 129,
    "Z1": 54,
    "A2": 197,
    "Z2": 79,
    "n_avg_per_event": 394.256,
    "n_std_per_event": 12.001185941397626,
    "pt": {
      "mean": 0.42622941732406616,
      "std": 0.2927626669406891,
      "median": 0.36308765411376953,
      "min": 0.00034713413333520293,
      "max": 2.76554274559021
    },
    "y": {
      "mean": -0.15853025019168854,
      "std": 0.6198403239250183,
      "median": -0.19815334677696228,
      "min": -2.650149345397949,
      "max": 2.7044081687927246
    },
    "eta": {
      "mean": -0.37204039096832275,
      "std": 1.420587182044983,
      "median": -0.3681485056877136,
      "min": -7.902378559112549,
      "max": 7.757105827331543
    },
    "theta_deg": {
      "mean": 103.49810791015625,
      "std": 51.455528259277344
    },
    "phi_deg": {
      "mean": 179.99850463867188,
      "std": 103.51935577392578
    }
  },
  "cumulative": {
    "total_events_modified": 1000,
    "total_events_unmodified": 1000,
    "total_particles_modified": 391835,
    "total_particles_unmodified": 394256,
    "signatures_detected": 0,
    "avg_multiplicity_modified": 391.835,
    "avg_multiplicity_unmodified": 394.256,
    "forbidden_breakdown_modified": {
      "very_forward": 0,
      "very_backward": 0,
      "impossible_kin": 0,
      "extreme_sideways": 151
    },
    "forbidden_breakdown_unmodified": {
      "very_forward": 0,
      "very_backward": 0,
      "impossible_kin": 0,
      "extreme_sideways": 165
    },
    "total_forbidden_modified": 151,
    "total_forbidden_unmodified": 165,
    "n_angular_samples_modified": 391835,
    "n_angular_samples_unmodified": 394256
  }
}