{
  "run_name": "run_7",
  "modified": {
    "n_events": 1000,
    "n_total_particles": 393027,
    "system_label": "Xe-129+Au-197 @ 2.0 GeV",
    "sqrt_s_NN": 2.0,
    "A1": 129,
    "Z1": 54,
    "A2": 197,
    "Z2": 79,
    "n_avg_per_event": 393.027,
    "n_std_per_event": 11.929889815082117,
    "pt": {
      "mean": 0.4104308485984802,
      "std": 0.29064685106277466,
      "median": 0.343252569437027,
      "min": 0.00030174871790222824,
      "max": 2.6790761947631836
    },
    "y": {
      "mean": -0.15996628999710083,
      "std": 0.6357772946357727,
      "median": -0.2096264809370041,
      "min": -2.7514376640319824,
      "max": 3.0332696437835693
    },
    "eta": {
      "mean": -0.370344877243042,
      "std": 1.5148977041244507,
      "median": -0.39012575149536133,
      "min": -8.1689453125,
      "max": 8.17945671081543
    },
    "theta_deg": {
      "mean": 103.55728149414062,
      "std": 53.045894622802734
    },
    "phi_deg": {
      "mean": 180.0777130126953,
      "std": 103.51969909667969
    }
  },
  "unmodified": {
    "n_events": 1000,
    "n_total_particles": 394604,
    "system_label": "Xe-129+Au-197 @ 2.0 GeV",
    "sqrt_s_NN": 2.0,
    "A1": 129,
    "Z1": 54,
    "A2": 197,
    "Z2": 79,
    "n_avg_per_event": 394.604,
    "n_std_per_event": 11.955132119721638,
    "pt": {
      "mean": 0.42548197507858276,
      "std": 0.2922515273094177,
      "median": 0.36163797974586487,
      "min": 0.00021345711138565093,
      "max": 2.7294082641601562
    },
    "y": {
      "mean": -0.15959110856056213,
      "std": 0.6200785040855408,
      "median": -0.19941800832748413,
      "min": -2.7338500022888184,
      "max": 2.5555567741394043
    },
    "eta": {
      "mean": -0.37228718400001526,
      "std": 1.4198918342590332,
      "median": -0.37120410799980164,
      "min": -7.868473052978516,
      "max": 9.199198722839355
    },
    "theta_deg": {
      "mean": 103.5814208984375,
      "std": 51.43632507324219
    },
    "phi_deg": {
      "mean": 179.98721313476562,
      "std": 103.55706787109375
    }
  },
  "cumulative": {
    "total_events_modified": 1000,
    "total_events_unmodified": 1000,
    "total_particles_modified": 393027,
    "total_particles_unmodified": 394604,
    "signatures_detected": 1,
    "avg_multiplicity_modified": 393.027,
    "avg_multiplicity_unmodified": 394.604,
    "forbidden_breakdown_modified": {
      "very_forward": 0,
      "very_backward": 1,
      "impossible_kin": 0,
      "extreme_sideways": 178
    },
    "forbidden_breakdown_unmodified": {
      "very_forward": 0,
      "very_backward": 0,
      "impossible_kin": 0,
      "extreme_sideways": 157
    },
    "total_forbidden_modified": 179,
    "total_forbidden_unmodified": 157,
    "n_angular_samples_modified": 393027,
    "n_angular_samples_unmodified": 394604
  }
}