{
  "run_name": "run_3",
  "modified": {
    "n_events": 1000,
    "n_total_particles": 391893,
    "system_label": "Xe-129+Au-197 @ 2.0 GeV",
    "sqrt_s_NN": 2.0,
    "A1": 129,
    "Z1": 54,
    "A2": 197,
    "Z2": 79,
    "n_avg_per_event": 391.893,
    "n_std_per_event": 11.881142663902324,
    "pt": {
      "mean": 0.40986454486846924,
      "std": 0.2901795208454132,
      "median": 0.34216663241386414,
      "min": 0.00011137712135678157,
      "max": 2.553154706954956
    },
    "y": {
      "mean": -0.160809725522995,
      "std": 0.6379651427268982,
      "median": -0.21277445554733276,
      "min": -3.104998826980591,
      "max": 2.5358827114105225
    },
    "eta": {
      "mean": -0.3748733401298523,
      "std": 1.5249011516571045,
      "median": -0.39450758695602417,
      "min": -9.966965675354004,
      "max": 8.693084716796875
    },
    "theta_deg": {
      "mean": 103.63748931884766,
      "std": 53.243350982666016
    },
    "phi_deg": {
      "mean": 180.01539611816406,
      "std": 103.5543441772461
    }
  },
  "unmodified": {
    "n_events": 1000,
    "n_total_particles": 394007,
    "system_label": "Xe-129+Au-197 @ 2.0 GeV",
    "sqrt_s_NN": 2.0,
    "A1": 129,
    "Z1": 54,
    "A2": 197,
    "Z2": 79,
    "n_avg_per_event": 394.007,
    "n_std_per_event": 12.065361619114446,
    "pt": {
      "mean": 0.4253040850162506,
      "std": 0.2926531732082367,
      "median": 0.3610095977783203,
      "min": 0.0005659385933540761,
      "max": 2.5479414463043213
    },
    "y": {
      "mean": -0.15835998952388763,
      "std": 0.6204217672348022,
      "median": -0.2009246051311493,
      "min": -3.0977871417999268,
      "max": 2.564023017883301
    },
    "eta": {
      "mean": -0.368752658367157,
      "std": 1.4264732599258423,
      "median": -0.3715592920780182,
      "min": -8.166423797607422,
      "max": 8.086021423339844
    },
    "theta_deg": {
      "mean": 103.47415161132812,
      "std": 51.58285903930664
    },
    "phi_deg": {
      "mean": 180.0729522705078,
      "std": 103.65682220458984
    }
  },
  "cumulative": {
    "total_events_modified": 1000,
    "total_events_unmodified": 1000,
    "total_particles_modified": 391893,
    "total_particles_unmodified": 394007,
    "signatures_detected": 0,
    "avg_multiplicity_modified": 391.893,
    "avg_multiplicity_unmodified": 394.007,
    "forbidden_breakdown_modified": {
      "very_forward": 0,
      "very_backward": 0,
      "impossible_kin": 0,
      "extreme_sideways": 134
    },
    "forbidden_breakdown_unmodified": {
      "very_forward": 0,
      "very_backward": 0,
      "impossible_kin": 0,
      "extreme_sideways": 147
    },
    "total_forbidden_modified": 134,
    "total_forbidden_unmodified": 147,
    "n_angular_samples_modified": 391893,
    "n_angular_samples_unmodified": 394007
  }
}