{
  "run_name": "run_5",
  "modified": {
    "n_events": 1000,
    "n_total_particles": 393022,
    "system_label": "Xe-129+Au-197 @ 2.0 GeV",
    "sqrt_s_NN": 2.0,
    "A1": 129,
    "Z1": 54,
    "A2": 197,
    "Z2": 79,
    "n_avg_per_event": 393.022,
    "n_std_per_event": 11.819031940053296,
    "pt": {
      "mean": 0.4108860194683075,
      "std": 0.29092392325401306,
      "median": 0.34286341071128845,
      "min": 0.00025952060241252184,
      "max": 2.6132688522338867
    },
    "y": {
      "mean": -0.15977907180786133,
      "std": 0.635135293006897,
      "median": -0.20906871557235718,
      "min": -3.028852701187134,
      "max": 2.619061231613159
    },
    "eta": {
      "mean": -0.37303510308265686,
      "std": 1.5099759101867676,
      "median": -0.3873927891254425,
      "min": -7.785406589508057,
      "max": 7.579141139984131
    },
    "theta_deg": {
      "mean": 103.58406066894531,
      "std": 52.98439025878906
    },
    "phi_deg": {
      "mean": 180.0788116455078,
      "std": 103.6441650390625
    }
  },
  "unmodified": {
    "n_events": 1000,
    "n_total_particles": 394014,
    "system_label": "Xe-129+Au-197 @ 2.0 GeV",
    "sqrt_s_NN": 2.0,
    "A1": 129,
    "Z1": 54,
    "A2": 197,
    "Z2": 79,
    "n_avg_per_event": 394.014,
    "n_std_per_event": 12.187854774323494,
    "pt": {
      "mean": 0.4256787896156311,
      "std": 0.2926695644855499,
      "median": 0.36170971393585205,
      "min": 0.0005349496495909989,
      "max": 2.5766754150390625
    },
    "y": {
      "mean": -0.15868057310581207,
      "std": 0.6209192276000977,
      "median": -0.20027309656143188,
      "min": -2.796204090118408,
      "max": 2.7053182125091553
    },
    "eta": {
      "mean": -0.3696131408214569,
      "std": 1.4233084917068481,
      "median": -0.3729485273361206,
      "min": -7.932479381561279,
      "max": 7.288329124450684
    },
    "theta_deg": {
      "mean": 103.50021362304688,
      "std": 51.536800384521484
    },
    "phi_deg": {
      "mean": 179.88304138183594,
      "std": 103.54353332519531
    }
  },
  "cumulative": {
    "total_events_modified": 1000,
    "total_events_unmodified": 1000,
    "total_particles_modified": 393022,
    "total_particles_unmodified": 394014,
    "signatures_detected": 0,
    "avg_multiplicity_modified": 393.022,
    "avg_multiplicity_unmodified": 394.014,
    "forbidden_breakdown_modified": {
      "very_forward": 0,
      "very_backward": 0,
      "impossible_kin": 0,
      "extreme_sideways": 148
    },
    "forbidden_breakdown_unmodified": {
      "very_forward": 0,
      "very_backward": 0,
      "impossible_kin": 0,
      "extreme_sideways": 158
    },
    "total_forbidden_modified": 148,
    "total_forbidden_unmodified": 158,
    "n_angular_samples_modified": 393022,
    "n_angular_samples_unmodified": 394014
  }
}