{
  "run_name": "run_10",
  "modified": {
    "n_events": 1000,
    "n_total_particles": 392838,
    "system_label": "Xe-129+Au-197 @ 2.0 GeV",
    "sqrt_s_NN": 2.0,
    "A1": 129,
    "Z1": 54,
    "A2": 197,
    "Z2": 79,
    "n_avg_per_event": 392.838,
    "n_std_per_event": 11.030854726629302,
    "pt": {
      "mean": 0.4119109809398651,
      "std": 0.29094281792640686,
      "median": 0.3447481393814087,
      "min": 0.0004897073959000409,
      "max": 2.562347650527954
    },
    "y": {
      "mean": -0.16065728664398193,
      "std": 0.6347176432609558,
      "median": -0.21131116151809692,
      "min": -2.8986010551452637,
      "max": 2.6718273162841797
    },
    "eta": {
      "mean": -0.3726225197315216,
      "std": 1.513503909111023,
      "median": -0.39076751470565796,
      "min": -8.319900512695312,
      "max": 7.986018180847168
    },
    "theta_deg": {
      "mean": 103.64130401611328,
      "std": 52.9229621887207
    },
    "phi_deg": {
      "mean": 180.1675262451172,
      "std": 103.60934448242188
    }
  },
  "unmodified": {
    "n_events": 1000,
    "n_total_particles": 393936,
    "system_label": "Xe-129+Au-197 @ 2.0 GeV",
    "sqrt_s_NN": 2.0,
    "A1": 129,
    "Z1": 54,
    "A2": 197,
    "Z2": 79,
    "n_avg_per_event": 393.936,
    "n_std_per_event": 12.09503633727489,
    "pt": {
      "mean": 0.4265420138835907,
      "std": 0.29372072219848633,
      "median": 0.3616916239261627,
      "min": 0.00029375526355579495,
      "max": 2.6331570148468018
    },
    "y": {
      "mean": -0.15924428403377533,
      "std": 0.620157778263092,
      "median": -0.20169073343276978,
      "min": -2.75948429107666,
      "max": 2.6232056617736816
    },
    "eta": {
      "mean": -0.370637983083725,
      "std": 1.4231457710266113,
      "median": -0.37177178263664246,
      "min": -7.653188705444336,
      "max": 8.831753730773926
    },
    "theta_deg": {
      "mean": 103.5217056274414,
      "std": 51.50666427612305
    },
    "phi_deg": {
      "mean": 180.22274780273438,
      "std": 103.60639190673828
    }
  },
  "cumulative": {
    "total_events_modified": 1000,
    "total_events_unmodified": 1000,
    "total_particles_modified": 392838,
    "total_particles_unmodified": 393936,
    "signatures_detected": 0,
    "avg_multiplicity_modified": 392.838,
    "avg_multiplicity_unmodified": 393.936,
    "forbidden_breakdown_modified": {
      "very_forward": 0,
      "very_backward": 0,
      "impossible_kin": 0,
      "extreme_sideways": 141
    },
    "forbidden_breakdown_unmodified": {
      "very_forward": 0,
      "very_backward": 0,
      "impossible_kin": 0,
      "extreme_sideways": 163
    },
    "total_forbidden_modified": 141,
    "total_forbidden_unmodified": 163,
    "n_angular_samples_modified": 392838,
    "n_angular_samples_unmodified": 393936
  }
}