{
  "run_name": "run_1",
  "modified": {
    "n_events": 10000,
    "n_total_particles": 4422127,
    "system_label": "Xe-129+Au-197 @ 3.0 GeV",
    "sqrt_s_NN": 3.0,
    "A1": 129,
    "Z1": 54,
    "A2": 197,
    "Z2": 79,
    "n_avg_per_event": 442.2127,
    "n_std_per_event": 18.837527935214855,
    "pt": {
      "mean": 0.43585988879203796,
      "std": 0.316279798746109,
      "median": 0.3594207465648651,
      "min": 2.109429260599427e-05,
      "max": 3.5486509799957275
    },
    "y": {
      "mean": -0.1712145209312439,
      "std": 0.7132112979888916,
      "median": -0.20508204400539398,
      "min": -3.2497940063476562,
      "max": 3.099294900894165
    },
    "eta": {
      "mean": -0.3769855499267578,
      "std": 1.5008866786956787,
      "median": -0.3444864749908447,
      "min": -9.324135780334473,
      "max": 9.957895278930664
    },
    "theta_deg": {
      "mean": 102.86322021484375,
      "std": 52.56740951538086
    },
    "phi_deg": {
      "mean": 179.9481658935547,
      "std": 103.85443115234375
    }
  },
  "unmodified": {
    "n_events": 10000,
    "n_total_particles": 4438886,
    "system_label": "Xe-129+Au-197 @ 3.0 GeV",
    "sqrt_s_NN": 3.0,
    "A1": 129,
    "Z1": 54,
    "A2": 197,
    "Z2": 79,
    "n_avg_per_event": 443.8886,
    "n_std_per_event": 19.093721220338374,
    "pt": {
      "mean": 0.44279247522354126,
      "std": 0.31714025139808655,
      "median": 0.3680485486984253,
      "min": 9.227749251294881e-05,
      "max": 3.422372817993164
    },
    "y": {
      "mean": -0.1706930547952652,
      "std": 0.7052406072616577,
      "median": -0.20517408847808838,
      "min": -3.2781758308410645,
      "max": 3.286393165588379
    },
    "eta": {
      "mean": -0.3582359254360199,
      "std": 1.4577062129974365,
      "median": -0.3450169861316681,
      "min": -8.871123313903809,
      "max": 8.254411697387695
    },
    "theta_deg": {
      "mean": 102.74152374267578,
      "std": 51.88884353637695
    },
    "phi_deg": {
      "mean": 179.95831298828125,
      "std": 103.83809661865234
    }
  },
  "cumulative": {
    "total_events_modified": 10000,
    "total_events_unmodified": 10000,
    "total_particles_modified": 4422127,
    "total_particles_unmodified": 4438886,
    "signatures_detected": 0,
    "avg_multiplicity_modified": 442.2127,
    "avg_multiplicity_unmodified": 443.8886,
    "forbidden_breakdown_modified": {
      "very_forward": 1,
      "very_backward": 8,
      "impossible_kin": 0,
      "extreme_sideways": 3006
    },
    "forbidden_breakdown_unmodified": {
      "very_forward": 1,
      "very_backward": 13,
      "impossible_kin": 0,
      "extreme_sideways": 3137
    },
    "total_forbidden_modified": 3015,
    "total_forbidden_unmodified": 3151,
    "n_angular_samples_modified": 4422127,
    "n_angular_samples_unmodified": 4438886
  }
}