{
  "run_name": "run_1",
  "modified": {
    "n_events": 10000,
    "n_total_particles": 3941340,
    "system_label": "Xe-129+Au-197 @ 2.0 GeV",
    "sqrt_s_NN": 2.0,
    "A1": 129,
    "Z1": 54,
    "A2": 197,
    "Z2": 79,
    "n_avg_per_event": 394.134,
    "n_std_per_event": 12.106388561416653,
    "pt": {
      "mean": 0.419414758682251,
      "std": 0.29257556796073914,
      "median": 0.3538556396961212,
      "min": 9.461086301598698e-05,
      "max": 2.894991397857666
    },
    "y": {
      "mean": -0.15955020487308502,
      "std": 0.6262378096580505,
      "median": -0.19951094686985016,
      "min": -3.04553484916687,
      "max": 2.914469003677368
    },
    "eta": {
      "mean": -0.3894523084163666,
      "std": 1.4585591554641724,
      "median": -0.36923110485076904,
      "min": -10.040754318237305,
      "max": 9.010796546936035
    },
    "theta_deg": {
      "mean": 103.67192840576172,
      "std": 52.083030700683594
    },
    "phi_deg": {
      "mean": 179.9537353515625,
      "std": 103.6209487915039
    }
  },
  "unmodified": {
    "n_events": 10000,
    "n_total_particles": 3941654,
    "system_label": "Xe-129+Au-197 @ 2.0 GeV",
    "sqrt_s_NN": 2.0,
    "A1": 129,
    "Z1": 54,
    "A2": 197,
    "Z2": 79,
    "n_avg_per_event": 394.1654,
    "n_std_per_event": 12.002601503007588,
    "pt": {
      "mean": 0.42612189054489136,
      "std": 0.2928831875324249,
      "median": 0.3621100187301636,
      "min": 0.00021345711138565093,
      "max": 2.76554274559021
    },
    "y": {
      "mean": -0.15897388756275177,
      "std": 0.6203370690345764,
      "median": -0.19993707537651062,
      "min": -3.0977871417999268,
      "max": 2.809330463409424
    },
    "eta": {
      "mean": -0.370539128780365,
      "std": 1.4213875532150269,
      "median": -0.3709171712398529,
      "min": -8.166423797607422,
      "max": 9.199198722839355
    },
    "theta_deg": {
      "mean": 103.51795959472656,
      "std": 51.480674743652344
    },
    "phi_deg": {
      "mean": 179.9921417236328,
      "std": 103.56733703613281
    }
  },
  "cumulative": {
    "total_events_modified": 10000,
    "total_events_unmodified": 10000,
    "total_particles_modified": 3941340,
    "total_particles_unmodified": 3941654,
    "signatures_detected": 0,
    "avg_multiplicity_modified": 394.134,
    "avg_multiplicity_unmodified": 394.1654,
    "forbidden_breakdown_modified": {
      "very_forward": 0,
      "very_backward": 1,
      "impossible_kin": 0,
      "extreme_sideways": 1563
    },
    "forbidden_breakdown_unmodified": {
      "very_forward": 0,
      "very_backward": 0,
      "impossible_kin": 0,
      "extreme_sideways": 1625
    },
    "total_forbidden_modified": 1564,
    "total_forbidden_unmodified": 1625,
    "n_angular_samples_modified": 3941340,
    "n_angular_samples_unmodified": 3941654
  }
}