{
  "run_name": "run_9",
  "modified": {
    "n_events": 1000,
    "n_total_particles": 527101,
    "system_label": "Xe-129+Au-197 @ 5.0 GeV",
    "sqrt_s_NN": 5.0,
    "A1": 129,
    "Z1": 54,
    "A2": 197,
    "Z2": 79,
    "n_avg_per_event": 527.101,
    "n_std_per_event": 29.992512382259672,
    "pt": {
      "mean": 0.4447578489780426,
      "std": 0.33406969904899597,
      "median": 0.35753166675567627,
      "min": 0.000197187255253084,
      "max": 3.8210976123809814
    },
    "y": {
      "mean": 1.2453677654266357,
      "std": 0.8161509037017822,
      "median": 1.2815852165222168,
      "min": -2.1831719875335693,
      "max": 4.574930667877197
    },
    "eta": {
      "mean": 1.7521445751190186,
      "std": 1.3435792922973633,
      "median": 1.7244161367416382,
      "min": -5.899540424346924,
      "max": 10.45611572265625
    },
    "theta_deg": {
      "mean": 32.703468322753906,
      "std": 35.54094696044922
    },
    "phi_deg": {
      "mean": 180.0152587890625,
      "std": 104.0019302368164
    }
  },
  "unmodified": {
    "n_events": 1000,
    "n_total_particles": 530124,
    "system_label": "Xe-129+Au-197 @ 5.0 GeV",
    "sqrt_s_NN": 5.0,
    "A1": 129,
    "Z1": 54,
    "A2": 197,
    "Z2": 79,
    "n_avg_per_event": 530.124,
    "n_std_per_event": 31.367381529225547,
    "pt": {
      "mean": 0.45137330889701843,
      "std": 0.33612874150276184,
      "median": 0.36506927013397217,
      "min": 0.0002870177268050611,
      "max": 3.401768922805786
    },
    "y": {
      "mean": 1.2409262657165527,
      "std": 0.8083095550537109,
      "median": 1.2664589881896973,
      "min": -2.2672970294952393,
      "max": 4.399332046508789
    },
    "eta": {
      "mean": 1.761361002922058,
      "std": 1.305440068244934,
      "median": 1.7075361013412476,
      "min": -6.714633464813232,
      "max": 8.611307144165039
    },
    "theta_deg": {
      "mean": 32.06637191772461,
      "std": 33.677459716796875
    },
    "phi_deg": {
      "mean": 179.89198303222656,
      "std": 104.03939819335938
    }
  },
  "cumulative": {
    "total_events_modified": 1000,
    "total_events_unmodified": 1000,
    "total_particles_modified": 527101,
    "total_particles_unmodified": 530124,
    "signatures_detected": 0,
    "avg_multiplicity_modified": 527.101,
    "avg_multiplicity_unmodified": 530.124,
    "forbidden_breakdown_modified": {
      "very_forward": 9866,
      "very_backward": 0,
      "impossible_kin": 0,
      "extreme_sideways": 8
    },
    "forbidden_breakdown_unmodified": {
      "very_forward": 9877,
      "very_backward": 0,
      "impossible_kin": 0,
      "extreme_sideways": 12
    },
    "total_forbidden_modified": 9874,
    "total_forbidden_unmodified": 9889,
    "n_angular_samples_modified": 527101,
    "n_angular_samples_unmodified": 530124
  }
}