{
  "run_name": "run_1",
  "modified": {
    "n_events": 10000,
    "n_total_particles": 4420628,
    "system_label": "Xe-129+Au-197 @ 3.0 GeV",
    "sqrt_s_NN": 3.0,
    "A1": 129,
    "Z1": 54,
    "A2": 197,
    "Z2": 79,
    "n_avg_per_event": 442.0628,
    "n_std_per_event": 18.5039686597227,
    "pt": {
      "mean": 0.43580299615859985,
      "std": 0.3156126141548157,
      "median": 0.3594433665275574,
      "min": 0.00012986900401301682,
      "max": 3.399641275405884
    },
    "y": {
      "mean": -0.17133492231369019,
      "std": 0.7137461304664612,
      "median": -0.2099670022726059,
      "min": -3.412714958190918,
      "max": 3.158679962158203
    },
    "eta": {
      "mean": -0.36008498072624207,
      "std": 1.5015259981155396,
      "median": -0.3529602289199829,
      "min": -9.404776573181152,
      "max": 8.579970359802246
    },
    "theta_deg": {
      "mean": 102.79198455810547,
      "std": 52.59381103515625
    },
    "phi_deg": {
      "mean": 179.97865295410156,
      "std": 103.80770111083984
    }
  },
  "unmodified": {
    "n_events": 10000,
    "n_total_particles": 4437555,
    "system_label": "Xe-129+Au-197 @ 3.0 GeV",
    "sqrt_s_NN": 3.0,
    "A1": 129,
    "Z1": 54,
    "A2": 197,
    "Z2": 79,
    "n_avg_per_event": 443.7555,
    "n_std_per_event": 19.097013372514564,
    "pt": {
      "mean": 0.4426032602787018,
      "std": 0.3170188367366791,
      "median": 0.3678872883319855,
      "min": 8.364683162653819e-05,
      "max": 3.5484917163848877
    },
    "y": {
      "mean": -0.1706235259771347,
      "std": 0.7056638598442078,
      "median": -0.2061760425567627,
      "min": -3.377228021621704,
      "max": 3.4194653034210205
    },
    "eta": {
      "mean": -0.35807138681411743,
      "std": 1.4593157768249512,
      "median": -0.34609174728393555,
      "min": -10.076956748962402,
      "max": 8.838268280029297
    },
    "theta_deg": {
      "mean": 102.74605560302734,
      "std": 51.91786193847656
    },
    "phi_deg": {
      "mean": 179.98033142089844,
      "std": 103.86412048339844
    }
  },
  "cumulative": {
    "total_events_modified": 10000,
    "total_events_unmodified": 10000,
    "total_particles_modified": 4420628,
    "total_particles_unmodified": 4437555,
    "signatures_detected": 0,
    "avg_multiplicity_modified": 442.0628,
    "avg_multiplicity_unmodified": 443.7555,
    "forbidden_breakdown_modified": {
      "very_forward": 0,
      "very_backward": 6,
      "impossible_kin": 0,
      "extreme_sideways": 2912
    },
    "forbidden_breakdown_unmodified": {
      "very_forward": 2,
      "very_backward": 5,
      "impossible_kin": 0,
      "extreme_sideways": 3014
    },
    "total_forbidden_modified": 2918,
    "total_forbidden_unmodified": 3021,
    "n_angular_samples_modified": 4420628,
    "n_angular_samples_unmodified": 4437555
  }
}