{
  "run_name": "run_4",
  "modified": {
    "n_events": 1000,
    "n_total_particles": 393854,
    "system_label": "Xe-129+Au-197 @ 2.0 GeV",
    "sqrt_s_NN": 2.0,
    "A1": 129,
    "Z1": 54,
    "A2": 197,
    "Z2": 79,
    "n_avg_per_event": 393.854,
    "n_std_per_event": 11.702336689738507,
    "pt": {
      "mean": 0.42409005761146545,
      "std": 0.29292574524879456,
      "median": 0.3599633574485779,
      "min": 0.0003697923384606838,
      "max": 2.433851480484009
    },
    "y": {
      "mean": 1.6927225589752197,
      "std": 0.6217871308326721,
      "median": 1.6485583782196045,
      "min": -0.9932793378829956,
      "max": 4.3782267570495605
    },
    "eta": {
      "mean": 2.5927090644836426,
      "std": 0.8972997665405273,
      "median": 2.4660794734954834,
      "min": -2.7229132652282715,
      "max": 10.35216999053955
    },
    "theta_deg": {
      "mean": 11.77860164642334,
      "std": 9.745140075683594
    },
    "phi_deg": {
      "mean": 180.02867126464844,
      "std": 103.59304809570312
    }
  },
  "unmodified": {
    "n_events": 1000,
    "n_total_particles": 394379,
    "system_label": "Xe-129+Au-197 @ 2.0 GeV",
    "sqrt_s_NN": 2.0,
    "A1": 129,
    "Z1": 54,
    "A2": 197,
    "Z2": 79,
    "n_avg_per_event": 394.379,
    "n_std_per_event": 12.21717475523699,
    "pt": {
      "mean": 0.42755362391471863,
      "std": 0.2930137515068054,
      "median": 0.36460795998573303,
      "min": 0.0007452002028003335,
      "max": 2.7382686138153076
    },
    "y": {
      "mean": 1.6926381587982178,
      "std": 0.618008553981781,
      "median": 1.6523067951202393,
      "min": -1.2357131242752075,
      "max": 4.539493083953857
    },
    "eta": {
      "mean": 2.5809195041656494,
      "std": 0.873355507850647,
      "median": 2.4674882888793945,
      "min": -3.352062463760376,
      "max": 9.672049522399902
    },
    "theta_deg": {
      "mean": 11.783408164978027,
      "std": 9.675663948059082
    },
    "phi_deg": {
      "mean": 179.91624450683594,
      "std": 103.59296417236328
    }
  },
  "cumulative": {
    "total_events_modified": 1000,
    "total_events_unmodified": 1000,
    "total_particles_modified": 393854,
    "total_particles_unmodified": 394379,
    "signatures_detected": 1,
    "avg_multiplicity_modified": 393.854,
    "avg_multiplicity_unmodified": 394.379,
    "forbidden_breakdown_modified": {
      "very_forward": 7353,
      "very_backward": 0,
      "impossible_kin": 0,
      "extreme_sideways": 0
    },
    "forbidden_breakdown_unmodified": {
      "very_forward": 6163,
      "very_backward": 0,
      "impossible_kin": 0,
      "extreme_sideways": 0
    },
    "total_forbidden_modified": 7353,
    "total_forbidden_unmodified": 6163,
    "n_angular_samples_modified": 393854,
    "n_angular_samples_unmodified": 394379
  }
}