{
  "run_name": "run_7",
  "modified": {
    "n_events": 1000,
    "n_total_particles": 393795,
    "system_label": "Xe-129+Au-197 @ 2.0 GeV",
    "sqrt_s_NN": 2.0,
    "A1": 129,
    "Z1": 54,
    "A2": 197,
    "Z2": 79,
    "n_avg_per_event": 393.795,
    "n_std_per_event": 11.705852168893983,
    "pt": {
      "mean": 0.41932159662246704,
      "std": 0.2922948896884918,
      "median": 0.35407376289367676,
      "min": 0.0005371661391109228,
      "max": 2.5473854541778564
    },
    "y": {
      "mean": 0.8927053809165955,
      "std": 0.6266959309577942,
      "median": 0.9317185282707214,
      "min": -2.2690515518188477,
      "max": 3.681983709335327
    },
    "eta": {
      "mean": 1.5515750646591187,
      "std": 1.266606092453003,
      "median": 1.4977041482925415,
      "min": -6.145055294036865,
      "max": 8.671642303466797
    },
    "theta_deg": {
      "mean": 36.95768737792969,
      "std": 35.652801513671875
    },
    "phi_deg": {
      "mean": 179.79058837890625,
      "std": 103.75524139404297
    }
  },
  "unmodified": {
    "n_events": 1000,
    "n_total_particles": 394719,
    "system_label": "Xe-129+Au-197 @ 2.0 GeV",
    "sqrt_s_NN": 2.0,
    "A1": 129,
    "Z1": 54,
    "A2": 197,
    "Z2": 79,
    "n_avg_per_event": 394.719,
    "n_std_per_event": 12.395565295701523,
    "pt": {
      "mean": 0.4273351728916168,
      "std": 0.2938418686389923,
      "median": 0.3636466860771179,
      "min": 0.000876800564583391,
      "max": 2.5042166709899902
    },
    "y": {
      "mean": 0.8921571969985962,
      "std": 0.618303656578064,
      "median": 0.9334247708320618,
      "min": -2.0210134983062744,
      "max": 3.434330701828003
    },
    "eta": {
      "mean": 1.529356598854065,
      "std": 1.2224957942962646,
      "median": 1.4957420825958252,
      "min": -5.488500595092773,
      "max": 8.977606773376465
    },
    "theta_deg": {
      "mean": 36.813087463378906,
      "std": 35.128265380859375
    },
    "phi_deg": {
      "mean": 179.84408569335938,
      "std": 103.59819793701172
    }
  },
  "cumulative": {
    "total_events_modified": 1000,
    "total_events_unmodified": 1000,
    "total_particles_modified": 393795,
    "total_particles_unmodified": 394719,
    "signatures_detected": 0,
    "avg_multiplicity_modified": 393.795,
    "avg_multiplicity_unmodified": 394.719,
    "forbidden_breakdown_modified": {
      "very_forward": 503,
      "very_backward": 0,
      "impossible_kin": 0,
      "extreme_sideways": 14
    },
    "forbidden_breakdown_unmodified": {
      "very_forward": 477,
      "very_backward": 0,
      "impossible_kin": 0,
      "extreme_sideways": 13
    },
    "total_forbidden_modified": 517,
    "total_forbidden_unmodified": 490,
    "n_angular_samples_modified": 393795,
    "n_angular_samples_unmodified": 394719
  }
}