{
  "run_name": "run_2",
  "modified": {
    "n_events": 1000,
    "n_total_particles": 394730,
    "system_label": "Xe-129+Au-197 @ 2.0 GeV",
    "sqrt_s_NN": 2.0,
    "A1": 129,
    "Z1": 54,
    "A2": 197,
    "Z2": 79,
    "n_avg_per_event": 394.73,
    "n_std_per_event": 12.246350476774705,
    "pt": {
      "mean": 0.4222000539302826,
      "std": 0.2933552861213684,
      "median": 0.35738658905029297,
      "min": 0.0008776934118941426,
      "max": 3.038485527038574
    },
    "y": {
      "mean": 0.892623782157898,
      "std": 0.6223894953727722,
      "median": 0.9304893016815186,
      "min": -2.3421003818511963,
      "max": 3.359262228012085
    },
    "eta": {
      "mean": 1.54552161693573,
      "std": 1.2505531311035156,
      "median": 1.4935681819915771,
      "min": -6.165444374084473,
      "max": 7.973605632781982
    },
    "theta_deg": {
      "mean": 36.83293151855469,
      "std": 35.32633972167969
    },
    "phi_deg": {
      "mean": 179.9998321533203,
      "std": 103.62203216552734
    }
  },
  "unmodified": {
    "n_events": 1000,
    "n_total_particles": 394351,
    "system_label": "Xe-129+Au-197 @ 2.0 GeV",
    "sqrt_s_NN": 2.0,
    "A1": 129,
    "Z1": 54,
    "A2": 197,
    "Z2": 79,
    "n_avg_per_event": 394.351,
    "n_std_per_event": 11.871048774223784,
    "pt": {
      "mean": 0.4277259409427643,
      "std": 0.29346081614494324,
      "median": 0.36421334743499756,
      "min": 9.061944183486048e-06,
      "max": 2.51895809173584
    },
    "y": {
      "mean": 0.8920813202857971,
      "std": 0.6184581518173218,
      "median": 0.932877779006958,
      "min": -2.0057663917541504,
      "max": 3.7605438232421875
    },
    "eta": {
      "mean": 1.529044270515442,
      "std": 1.221360206604004,
      "median": 1.497238039970398,
      "min": -6.208639144897461,
      "max": 13.106332778930664
    },
    "theta_deg": {
      "mean": 36.805789947509766,
      "std": 35.13057327270508
    },
    "phi_deg": {
      "mean": 180.0460205078125,
      "std": 103.68123626708984
    }
  },
  "cumulative": {
    "total_events_modified": 1000,
    "total_events_unmodified": 1000,
    "total_particles_modified": 394730,
    "total_particles_unmodified": 394351,
    "signatures_detected": 0,
    "avg_multiplicity_modified": 394.73,
    "avg_multiplicity_unmodified": 394.351,
    "forbidden_breakdown_modified": {
      "very_forward": 470,
      "very_backward": 0,
      "impossible_kin": 0,
      "extreme_sideways": 6
    },
    "forbidden_breakdown_unmodified": {
      "very_forward": 484,
      "very_backward": 0,
      "impossible_kin": 0,
      "extreme_sideways": 8
    },
    "total_forbidden_modified": 476,
    "total_forbidden_unmodified": 492,
    "n_angular_samples_modified": 394730,
    "n_angular_samples_unmodified": 394351
  }
}