{
  "run_name": "run_5",
  "modified": {
    "n_events": 1000,
    "n_total_particles": 522542,
    "system_label": "Xe-129+Au-197 @ 5.0 GeV",
    "sqrt_s_NN": 5.0,
    "A1": 129,
    "Z1": 54,
    "A2": 197,
    "Z2": 79,
    "n_avg_per_event": 522.542,
    "n_std_per_event": 29.854517849062645,
    "pt": {
      "mean": 0.43861663341522217,
      "std": 0.3337003290653229,
      "median": 0.3489260673522949,
      "min": 0.0001578496885485947,
      "max": 3.647768259048462
    },
    "y": {
      "mean": 1.2455450296401978,
      "std": 0.8266401290893555,
      "median": 1.278196096420288,
      "min": -2.574082851409912,
      "max": 4.704537391662598
    },
    "eta": {
      "mean": 1.7696408033370972,
      "std": 1.386375069618225,
      "median": 1.723217248916626,
      "min": -8.286694526672363,
      "max": 9.13605785369873
    },
    "theta_deg": {
      "mean": 32.94843292236328,
      "std": 36.0244255065918
    },
    "phi_deg": {
      "mean": 179.91796875,
      "std": 103.95482635498047
    }
  },
  "unmodified": {
    "n_events": 1000,
    "n_total_particles": 533442,
    "system_label": "Xe-129+Au-197 @ 5.0 GeV",
    "sqrt_s_NN": 5.0,
    "A1": 129,
    "Z1": 54,
    "A2": 197,
    "Z2": 79,
    "n_avg_per_event": 533.442,
    "n_std_per_event": 31.35191598610841,
    "pt": {
      "mean": 0.45321205258369446,
      "std": 0.33745667338371277,
      "median": 0.36673158407211304,
      "min": 0.0005314627778716385,
      "max": 3.149836301803589
    },
    "y": {
      "mean": 1.2405760288238525,
      "std": 0.8033201098442078,
      "median": 1.2644708156585693,
      "min": -2.1131432056427,
      "max": 4.611040115356445
    },
    "eta": {
      "mean": 1.7588552236557007,
      "std": 1.2933214902877808,
      "median": 1.7049838304519653,
      "min": -5.69986629486084,
      "max": 8.964353561401367
    },
    "theta_deg": {
      "mean": 31.929704666137695,
      "std": 33.30224609375
    },
    "phi_deg": {
      "mean": 179.95828247070312,
      "std": 104.12730407714844
    }
  },
  "cumulative": {
    "total_events_modified": 1000,
    "total_events_unmodified": 1000,
    "total_particles_modified": 522542,
    "total_particles_unmodified": 533442,
    "signatures_detected": 1,
    "avg_multiplicity_modified": 522.542,
    "avg_multiplicity_unmodified": 533.442,
    "forbidden_breakdown_modified": {
      "very_forward": 12268,
      "very_backward": 0,
      "impossible_kin": 0,
      "extreme_sideways": 14
    },
    "forbidden_breakdown_unmodified": {
      "very_forward": 9683,
      "very_backward": 0,
      "impossible_kin": 0,
      "extreme_sideways": 14
    },
    "total_forbidden_modified": 12282,
    "total_forbidden_unmodified": 9697,
    "n_angular_samples_modified": 522542,
    "n_angular_samples_unmodified": 533442
  }
}