{
  "run_name": "run_10",
  "modified": {
    "n_events": 1000,
    "n_total_particles": 392770,
    "system_label": "Xe-129+Au-197 @ 2.0 GeV",
    "sqrt_s_NN": 2.0,
    "A1": 129,
    "Z1": 54,
    "A2": 197,
    "Z2": 79,
    "n_avg_per_event": 392.77,
    "n_std_per_event": 11.434032534499803,
    "pt": {
      "mean": 0.4117998480796814,
      "std": 0.2915935814380646,
      "median": 0.3443889021873474,
      "min": 0.000584106077440083,
      "max": 2.776344060897827
    },
    "y": {
      "mean": 0.8930234313011169,
      "std": 0.6347965002059937,
      "median": 0.9438050985336304,
      "min": -2.0142600536346436,
      "max": 3.48824405670166
    },
    "eta": {
      "mean": 1.5315792560577393,
      "std": 1.3071280717849731,
      "median": 1.5155200958251953,
      "min": -6.062490463256836,
      "max": 8.041043281555176
    },
    "theta_deg": {
      "mean": 37.891021728515625,
      "std": 37.8430061340332
    },
    "phi_deg": {
      "mean": 180.00953674316406,
      "std": 103.65744018554688
    }
  },
  "unmodified": {
    "n_events": 1000,
    "n_total_particles": 393866,
    "system_label": "Xe-129+Au-197 @ 2.0 GeV",
    "sqrt_s_NN": 2.0,
    "A1": 129,
    "Z1": 54,
    "A2": 197,
    "Z2": 79,
    "n_avg_per_event": 393.866,
    "n_std_per_event": 11.951989123154355,
    "pt": {
      "mean": 0.4256162643432617,
      "std": 0.2927330732345581,
      "median": 0.36160653829574585,
      "min": 0.00025113049196079373,
      "max": 2.6245028972625732
    },
    "y": {
      "mean": 0.892565131187439,
      "std": 0.6210424304008484,
      "median": 0.9340734481811523,
      "min": -1.8356822729110718,
      "max": 3.4586424827575684
    },
    "eta": {
      "mean": 1.5329093933105469,
      "std": 1.229156494140625,
      "median": 1.4992549419403076,
      "min": -5.357850074768066,
      "max": 9.64723014831543
    },
    "theta_deg": {
      "mean": 36.859920501708984,
      "std": 35.31577682495117
    },
    "phi_deg": {
      "mean": 180.06300354003906,
      "std": 103.54249572753906
    }
  },
  "cumulative": {
    "total_events_modified": 1000,
    "total_events_unmodified": 1000,
    "total_particles_modified": 392770,
    "total_particles_unmodified": 393866,
    "signatures_detected": 0,
    "avg_multiplicity_modified": 392.77,
    "avg_multiplicity_unmodified": 393.866,
    "forbidden_breakdown_modified": {
      "very_forward": 468,
      "very_backward": 0,
      "impossible_kin": 0,
      "extreme_sideways": 8
    },
    "forbidden_breakdown_unmodified": {
      "very_forward": 546,
      "very_backward": 0,
      "impossible_kin": 0,
      "extreme_sideways": 9
    },
    "total_forbidden_modified": 476,
    "total_forbidden_unmodified": 555,
    "n_angular_samples_modified": 392770,
    "n_angular_samples_unmodified": 393866
  }
}