{
  "run_name": "run_4",
  "modified": {
    "n_events": 1000,
    "n_total_particles": 393300,
    "system_label": "Xe-129+Au-197 @ 2.0 GeV",
    "sqrt_s_NN": 2.0,
    "A1": 129,
    "Z1": 54,
    "A2": 197,
    "Z2": 79,
    "n_avg_per_event": 393.3,
    "n_std_per_event": 12.049232340692912,
    "pt": {
      "mean": 0.4122256338596344,
      "std": 0.29091742634773254,
      "median": 0.3454679846763611,
      "min": 0.0007659878465346992,
      "max": 2.4698357582092285
    },
    "y": {
      "mean": 0.8929222822189331,
      "std": 0.6333180069923401,
      "median": 0.9435981512069702,
      "min": -2.0703015327453613,
      "max": 3.40714168548584
    },
    "eta": {
      "mean": 1.5320369005203247,
      "std": 1.3012994527816772,
      "median": 1.5104702711105347,
      "min": -5.49890661239624,
      "max": 8.666231155395508
    },
    "theta_deg": {
      "mean": 37.80595397949219,
      "std": 37.60145950317383
    },
    "phi_deg": {
      "mean": 180.12911987304688,
      "std": 103.52141571044922
    }
  },
  "unmodified": {
    "n_events": 1000,
    "n_total_particles": 394379,
    "system_label": "Xe-129+Au-197 @ 2.0 GeV",
    "sqrt_s_NN": 2.0,
    "A1": 129,
    "Z1": 54,
    "A2": 197,
    "Z2": 79,
    "n_avg_per_event": 394.379,
    "n_std_per_event": 12.21717475523699,
    "pt": {
      "mean": 0.42755362391471863,
      "std": 0.2930137515068054,
      "median": 0.36460795998573303,
      "min": 0.0007452002028003335,
      "max": 2.7382686138153076
    },
    "y": {
      "mean": 0.8924229741096497,
      "std": 0.618008553981781,
      "median": 0.9327541589736938,
      "min": -1.954474925994873,
      "max": 3.8207430839538574
    },
    "eta": {
      "mean": 1.5300185680389404,
      "std": 1.2209594249725342,
      "median": 1.498397707939148,
      "min": -6.470939636230469,
      "max": 8.174784660339355
    },
    "theta_deg": {
      "mean": 36.76915740966797,
      "std": 35.09272766113281
    },
    "phi_deg": {
      "mean": 179.91624450683594,
      "std": 103.59296417236328
    }
  },
  "cumulative": {
    "total_events_modified": 1000,
    "total_events_unmodified": 1000,
    "total_particles_modified": 393300,
    "total_particles_unmodified": 394379,
    "signatures_detected": 0,
    "avg_multiplicity_modified": 393.3,
    "avg_multiplicity_unmodified": 394.379,
    "forbidden_breakdown_modified": {
      "very_forward": 517,
      "very_backward": 0,
      "impossible_kin": 0,
      "extreme_sideways": 13
    },
    "forbidden_breakdown_unmodified": {
      "very_forward": 497,
      "very_backward": 0,
      "impossible_kin": 0,
      "extreme_sideways": 6
    },
    "total_forbidden_modified": 530,
    "total_forbidden_unmodified": 503,
    "n_angular_samples_modified": 393300,
    "n_angular_samples_unmodified": 394379
  }
}