{
  "run_name": "run_8",
  "modified": {
    "n_events": 1000,
    "n_total_particles": 393454,
    "system_label": "Xe-129+Au-197 @ 2.0 GeV",
    "sqrt_s_NN": 2.0,
    "A1": 129,
    "Z1": 54,
    "A2": 197,
    "Z2": 79,
    "n_avg_per_event": 393.454,
    "n_std_per_event": 11.866081240241025,
    "pt": {
      "mean": 0.4110347032546997,
      "std": 0.29034462571144104,
      "median": 0.34384483098983765,
      "min": 0.0002565481700003147,
      "max": 2.818161964416504
    },
    "y": {
      "mean": 0.8929253816604614,
      "std": 0.6337156295776367,
      "median": 0.9433594942092896,
      "min": -1.766485571861267,
      "max": 3.511331796646118
    },
    "eta": {
      "mean": 1.5322016477584839,
      "std": 1.3051756620407104,
      "median": 1.512979507446289,
      "min": -6.199203968048096,
      "max": 9.307052612304688
    },
    "theta_deg": {
      "mean": 37.82358932495117,
      "std": 37.69801712036133
    },
    "phi_deg": {
      "mean": 180.17703247070312,
      "std": 103.5171127319336
    }
  },
  "unmodified": {
    "n_events": 1000,
    "n_total_particles": 394114,
    "system_label": "Xe-129+Au-197 @ 2.0 GeV",
    "sqrt_s_NN": 2.0,
    "A1": 129,
    "Z1": 54,
    "A2": 197,
    "Z2": 79,
    "n_avg_per_event": 394.114,
    "n_std_per_event": 11.696452624620852,
    "pt": {
      "mean": 0.4257451593875885,
      "std": 0.2930155098438263,
      "median": 0.3612591624259949,
      "min": 0.00042175932321697474,
      "max": 2.909101963043213
    },
    "y": {
      "mean": 0.8924040794372559,
      "std": 0.6200734376907349,
      "median": 0.9329620003700256,
      "min": -1.953926920890808,
      "max": 3.9310150146484375
    },
    "eta": {
      "mean": 1.5333819389343262,
      "std": 1.2269883155822754,
      "median": 1.4999680519104004,
      "min": -5.791619300842285,
      "max": 9.285566329956055
    },
    "theta_deg": {
      "mean": 36.80989456176758,
      "std": 35.2031135559082
    },
    "phi_deg": {
      "mean": 179.88754272460938,
      "std": 103.60607147216797
    }
  },
  "cumulative": {
    "total_events_modified": 1000,
    "total_events_unmodified": 1000,
    "total_particles_modified": 393454,
    "total_particles_unmodified": 394114,
    "signatures_detected": 0,
    "avg_multiplicity_modified": 393.454,
    "avg_multiplicity_unmodified": 394.114,
    "forbidden_breakdown_modified": {
      "very_forward": 457,
      "very_backward": 0,
      "impossible_kin": 0,
      "extreme_sideways": 8
    },
    "forbidden_breakdown_unmodified": {
      "very_forward": 476,
      "very_backward": 0,
      "impossible_kin": 0,
      "extreme_sideways": 9
    },
    "total_forbidden_modified": 465,
    "total_forbidden_unmodified": 485,
    "n_angular_samples_modified": 393454,
    "n_angular_samples_unmodified": 394114
  }
}