{
  "run_name": "run_8",
  "modified": {
    "n_events": 1000,
    "n_total_particles": 393641,
    "system_label": "Xe-129+Au-197 @ 2.0 GeV",
    "sqrt_s_NN": 2.0,
    "A1": 129,
    "Z1": 54,
    "A2": 197,
    "Z2": 79,
    "n_avg_per_event": 393.641,
    "n_std_per_event": 11.651786086261625,
    "pt": {
      "mean": 0.4195246398448944,
      "std": 0.2922098636627197,
      "median": 0.354183167219162,
      "min": 0.00045610623783431947,
      "max": 2.5107388496398926
    },
    "y": {
      "mean": 0.8919605612754822,
      "std": 0.6262499094009399,
      "median": 0.932194173336029,
      "min": -1.864217758178711,
      "max": 3.459907293319702
    },
    "eta": {
      "mean": 1.5477792024612427,
      "std": 1.2625900506973267,
      "median": 1.5003509521484375,
      "min": -6.455880641937256,
      "max": 9.157380104064941
    },
    "theta_deg": {
      "mean": 36.98983383178711,
      "std": 35.71044921875
    },
    "phi_deg": {
      "mean": 180.15481567382812,
      "std": 103.70247650146484
    }
  },
  "unmodified": {
    "n_events": 1000,
    "n_total_particles": 394114,
    "system_label": "Xe-129+Au-197 @ 2.0 GeV",
    "sqrt_s_NN": 2.0,
    "A1": 129,
    "Z1": 54,
    "A2": 197,
    "Z2": 79,
    "n_avg_per_event": 394.114,
    "n_std_per_event": 11.696452624620852,
    "pt": {
      "mean": 0.4257451593875885,
      "std": 0.2930155098438263,
      "median": 0.3612591624259949,
      "min": 0.00042175932321697474,
      "max": 2.909101963043213
    },
    "y": {
      "mean": 0.8924040794372559,
      "std": 0.6200734376907349,
      "median": 0.9329620003700256,
      "min": -1.953926920890808,
      "max": 3.9310150146484375
    },
    "eta": {
      "mean": 1.5333819389343262,
      "std": 1.2269883155822754,
      "median": 1.4999680519104004,
      "min": -5.791619300842285,
      "max": 9.285566329956055
    },
    "theta_deg": {
      "mean": 36.80989456176758,
      "std": 35.2031135559082
    },
    "phi_deg": {
      "mean": 179.88754272460938,
      "std": 103.60607147216797
    }
  },
  "cumulative": {
    "total_events_modified": 1000,
    "total_events_unmodified": 1000,
    "total_particles_modified": 393641,
    "total_particles_unmodified": 394114,
    "signatures_detected": 0,
    "avg_multiplicity_modified": 393.641,
    "avg_multiplicity_unmodified": 394.114,
    "forbidden_breakdown_modified": {
      "very_forward": 491,
      "very_backward": 0,
      "impossible_kin": 0,
      "extreme_sideways": 10
    },
    "forbidden_breakdown_unmodified": {
      "very_forward": 476,
      "very_backward": 0,
      "impossible_kin": 0,
      "extreme_sideways": 9
    },
    "total_forbidden_modified": 501,
    "total_forbidden_unmodified": 485,
    "n_angular_samples_modified": 393641,
    "n_angular_samples_unmodified": 394114
  }
}