{
  "run_name": "run_9",
  "modified": {
    "n_events": 1000,
    "n_total_particles": 393993,
    "system_label": "Xe-129+Au-197 @ 2.0 GeV",
    "sqrt_s_NN": 2.0,
    "A1": 129,
    "Z1": 54,
    "A2": 197,
    "Z2": 79,
    "n_avg_per_event": 393.993,
    "n_std_per_event": 12.24111722842323,
    "pt": {
      "mean": 0.42078492045402527,
      "std": 0.2923550307750702,
      "median": 0.35569339990615845,
      "min": 0.0003124084323644638,
      "max": 2.565605401992798
    },
    "y": {
      "mean": -0.15962406992912292,
      "std": 0.6256202459335327,
      "median": -0.2042563110589981,
      "min": -2.9415645599365234,
      "max": 2.6545774936676025
    },
    "eta": {
      "mean": -0.3677467107772827,
      "std": 1.455075740814209,
      "median": -0.37737008929252625,
      "min": -8.885663986206055,
      "max": 8.436346054077148
    },
    "theta_deg": {
      "mean": 103.51810455322266,
      "std": 52.023128509521484
    },
    "phi_deg": {
      "mean": 180.11642456054688,
      "std": 103.63813018798828
    }
  },
  "unmodified": {
    "n_events": 1000,
    "n_total_particles": 393742,
    "system_label": "Xe-129+Au-197 @ 2.0 GeV",
    "sqrt_s_NN": 2.0,
    "A1": 129,
    "Z1": 54,
    "A2": 197,
    "Z2": 79,
    "n_avg_per_event": 393.742,
    "n_std_per_event": 11.545797330630743,
    "pt": {
      "mean": 0.4258960485458374,
      "std": 0.29304608702659607,
      "median": 0.3610801100730896,
      "min": 0.0010960878571495414,
      "max": 2.6768953800201416
    },
    "y": {
      "mean": -0.1590982973575592,
      "std": 0.6221138834953308,
      "median": -0.20035113394260406,
      "min": -2.759021520614624,
      "max": 2.736023187637329
    },
    "eta": {
      "mean": -0.3711528480052948,
      "std": 1.4244027137756348,
      "median": -0.3708193600177765,
      "min": -7.616199016571045,
      "max": 7.045963764190674
    },
    "theta_deg": {
      "mean": 103.52156829833984,
      "std": 51.58365249633789
    },
    "phi_deg": {
      "mean": 180.09007263183594,
      "std": 103.59974670410156
    }
  },
  "cumulative": {
    "total_events_modified": 1000,
    "total_events_unmodified": 1000,
    "total_particles_modified": 393993,
    "total_particles_unmodified": 393742,
    "signatures_detected": 0,
    "avg_multiplicity_modified": 393.993,
    "avg_multiplicity_unmodified": 393.742,
    "forbidden_breakdown_modified": {
      "very_forward": 0,
      "very_backward": 0,
      "impossible_kin": 0,
      "extreme_sideways": 162
    },
    "forbidden_breakdown_unmodified": {
      "very_forward": 0,
      "very_backward": 0,
      "impossible_kin": 0,
      "extreme_sideways": 165
    },
    "total_forbidden_modified": 162,
    "total_forbidden_unmodified": 165,
    "n_angular_samples_modified": 393993,
    "n_angular_samples_unmodified": 393742
  }
}