{
  "run_name": "run_10",
  "modified": {
    "n_events": 1000,
    "n_total_particles": 393858,
    "system_label": "Xe-129+Au-197 @ 2.0 GeV",
    "sqrt_s_NN": 2.0,
    "A1": 129,
    "Z1": 54,
    "A2": 197,
    "Z2": 79,
    "n_avg_per_event": 393.858,
    "n_std_per_event": 12.696922304243655,
    "pt": {
      "mean": 0.42040297389030457,
      "std": 0.29268771409988403,
      "median": 0.3549744486808777,
      "min": 0.00022447688388638198,
      "max": 2.5666136741638184
    },
    "y": {
      "mean": -0.15927717089653015,
      "std": 0.6251801252365112,
      "median": -0.20312875509262085,
      "min": -2.6120827198028564,
      "max": 2.724976062774658
    },
    "eta": {
      "mean": -0.37149930000305176,
      "std": 1.4591795206069946,
      "median": -0.3750343322753906,
      "min": -7.849340438842773,
      "max": 8.549405097961426
    },
    "theta_deg": {
      "mean": 103.55281066894531,
      "std": 52.04607009887695
    },
    "phi_deg": {
      "mean": 180.10943603515625,
      "std": 103.63018798828125
    }
  },
  "unmodified": {
    "n_events": 1000,
    "n_total_particles": 393936,
    "system_label": "Xe-129+Au-197 @ 2.0 GeV",
    "sqrt_s_NN": 2.0,
    "A1": 129,
    "Z1": 54,
    "A2": 197,
    "Z2": 79,
    "n_avg_per_event": 393.936,
    "n_std_per_event": 12.09503633727489,
    "pt": {
      "mean": 0.4265420138835907,
      "std": 0.29372072219848633,
      "median": 0.3616916239261627,
      "min": 0.00029375526355579495,
      "max": 2.6331570148468018
    },
    "y": {
      "mean": -0.15924428403377533,
      "std": 0.620157778263092,
      "median": -0.20169073343276978,
      "min": -2.75948429107666,
      "max": 2.6232056617736816
    },
    "eta": {
      "mean": -0.370637983083725,
      "std": 1.4231457710266113,
      "median": -0.37177178263664246,
      "min": -7.653188705444336,
      "max": 8.831753730773926
    },
    "theta_deg": {
      "mean": 103.5217056274414,
      "std": 51.50666427612305
    },
    "phi_deg": {
      "mean": 180.22274780273438,
      "std": 103.60639190673828
    }
  },
  "cumulative": {
    "total_events_modified": 1000,
    "total_events_unmodified": 1000,
    "total_particles_modified": 393858,
    "total_particles_unmodified": 393936,
    "signatures_detected": 0,
    "avg_multiplicity_modified": 393.858,
    "avg_multiplicity_unmodified": 393.936,
    "forbidden_breakdown_modified": {
      "very_forward": 0,
      "very_backward": 0,
      "impossible_kin": 0,
      "extreme_sideways": 142
    },
    "forbidden_breakdown_unmodified": {
      "very_forward": 0,
      "very_backward": 0,
      "impossible_kin": 0,
      "extreme_sideways": 163
    },
    "total_forbidden_modified": 142,
    "total_forbidden_unmodified": 163,
    "n_angular_samples_modified": 393858,
    "n_angular_samples_unmodified": 393936
  }
}