{
  "run_name": "run_8",
  "modified": {
    "n_events": 1000,
    "n_total_particles": 393917,
    "system_label": "Xe-129+Au-197 @ 2.0 GeV",
    "sqrt_s_NN": 2.0,
    "A1": 129,
    "Z1": 54,
    "A2": 197,
    "Z2": 79,
    "n_avg_per_event": 393.917,
    "n_std_per_event": 12.170624922328352,
    "pt": {
      "mean": 0.4196110665798187,
      "std": 0.2916567921638489,
      "median": 0.35458093881607056,
      "min": 0.0008108601323328912,
      "max": 2.4772074222564697
    },
    "y": {
      "mean": -0.15988792479038239,
      "std": 0.6265794634819031,
      "median": -0.20428720116615295,
      "min": -2.9162065982818604,
      "max": 2.7354187965393066
    },
    "eta": {
      "mean": -0.3714366555213928,
      "std": 1.4608345031738281,
      "median": -0.3773384690284729,
      "min": -7.797812461853027,
      "max": 7.549394607543945
    },
    "theta_deg": {
      "mean": 103.59097290039062,
      "std": 52.08631134033203
    },
    "phi_deg": {
      "mean": 179.63150024414062,
      "std": 103.59090423583984
    }
  },
  "unmodified": {
    "n_events": 1000,
    "n_total_particles": 394717,
    "system_label": "Xe-129+Au-197 @ 2.0 GeV",
    "sqrt_s_NN": 2.0,
    "A1": 129,
    "Z1": 54,
    "A2": 197,
    "Z2": 79,
    "n_avg_per_event": 394.717,
    "n_std_per_event": 12.213390643060592,
    "pt": {
      "mean": 0.4265478551387787,
      "std": 0.29266849160194397,
      "median": 0.3628741502761841,
      "min": 0.00022457027807831764,
      "max": 2.655268430709839
    },
    "y": {
      "mean": -0.15912607312202454,
      "std": 0.6195212602615356,
      "median": -0.19936171174049377,
      "min": -2.9054369926452637,
      "max": 2.6013717651367188
    },
    "eta": {
      "mean": -0.3708823323249817,
      "std": 1.4167084693908691,
      "median": -0.36927908658981323,
      "min": -7.569377899169922,
      "max": 8.086021423339844
    },
    "theta_deg": {
      "mean": 103.54598999023438,
      "std": 51.35898208618164
    },
    "phi_deg": {
      "mean": 179.7010498046875,
      "std": 103.5438232421875
    }
  },
  "cumulative": {
    "total_events_modified": 1000,
    "total_events_unmodified": 1000,
    "total_particles_modified": 393917,
    "total_particles_unmodified": 394717,
    "signatures_detected": 0,
    "avg_multiplicity_modified": 393.917,
    "avg_multiplicity_unmodified": 394.717,
    "forbidden_breakdown_modified": {
      "very_forward": 0,
      "very_backward": 0,
      "impossible_kin": 0,
      "extreme_sideways": 151
    },
    "forbidden_breakdown_unmodified": {
      "very_forward": 0,
      "very_backward": 0,
      "impossible_kin": 0,
      "extreme_sideways": 162
    },
    "total_forbidden_modified": 151,
    "total_forbidden_unmodified": 162,
    "n_angular_samples_modified": 393917,
    "n_angular_samples_unmodified": 394717
  }
}