{
  "run_name": "run_3",
  "modified": {
    "n_events": 1000,
    "n_total_particles": 393699,
    "system_label": "Xe-129+Au-197 @ 2.0 GeV",
    "sqrt_s_NN": 2.0,
    "A1": 129,
    "Z1": 54,
    "A2": 197,
    "Z2": 79,
    "n_avg_per_event": 393.699,
    "n_std_per_event": 12.040282347187711,
    "pt": {
      "mean": 0.4192250072956085,
      "std": 0.29120829701423645,
      "median": 0.3545737564563751,
      "min": 0.0010785777121782303,
      "max": 2.62908673286438
    },
    "y": {
      "mean": -0.1593463271856308,
      "std": 0.627031683921814,
      "median": -0.2061445713043213,
      "min": -3.30014705657959,
      "max": 2.6644418239593506
    },
    "eta": {
      "mean": -0.3685661852359772,
      "std": 1.4611698389053345,
      "median": -0.38341352343559265,
      "min": -7.495907783508301,
      "max": 7.423031330108643
    },
    "theta_deg": {
      "mean": 103.52181243896484,
      "std": 52.158973693847656
    },
    "phi_deg": {
      "mean": 180.00404357910156,
      "std": 103.51061248779297
    }
  },
  "unmodified": {
    "n_events": 1000,
    "n_total_particles": 394007,
    "system_label": "Xe-129+Au-197 @ 2.0 GeV",
    "sqrt_s_NN": 2.0,
    "A1": 129,
    "Z1": 54,
    "A2": 197,
    "Z2": 79,
    "n_avg_per_event": 394.007,
    "n_std_per_event": 12.065361619114446,
    "pt": {
      "mean": 0.4253040850162506,
      "std": 0.2926531732082367,
      "median": 0.3610095977783203,
      "min": 0.0005659385933540761,
      "max": 2.5479414463043213
    },
    "y": {
      "mean": -0.15835998952388763,
      "std": 0.6204217672348022,
      "median": -0.2009246051311493,
      "min": -3.0977871417999268,
      "max": 2.564023017883301
    },
    "eta": {
      "mean": -0.368752658367157,
      "std": 1.4264732599258423,
      "median": -0.3715592920780182,
      "min": -8.166423797607422,
      "max": 8.086021423339844
    },
    "theta_deg": {
      "mean": 103.47415161132812,
      "std": 51.58285903930664
    },
    "phi_deg": {
      "mean": 180.0729522705078,
      "std": 103.65682220458984
    }
  },
  "cumulative": {
    "total_events_modified": 1000,
    "total_events_unmodified": 1000,
    "total_particles_modified": 393699,
    "total_particles_unmodified": 394007,
    "signatures_detected": 0,
    "avg_multiplicity_modified": 393.699,
    "avg_multiplicity_unmodified": 394.007,
    "forbidden_breakdown_modified": {
      "very_forward": 0,
      "very_backward": 0,
      "impossible_kin": 0,
      "extreme_sideways": 140
    },
    "forbidden_breakdown_unmodified": {
      "very_forward": 0,
      "very_backward": 0,
      "impossible_kin": 0,
      "extreme_sideways": 147
    },
    "total_forbidden_modified": 140,
    "total_forbidden_unmodified": 147,
    "n_angular_samples_modified": 393699,
    "n_angular_samples_unmodified": 394007
  }
}