{
  "run_name": "run_1",
  "modified": {
    "n_events": 1000,
    "n_total_particles": 393591,
    "system_label": "Xe-129+Au-197 @ 2.0 GeV",
    "sqrt_s_NN": 2.0,
    "A1": 129,
    "Z1": 54,
    "A2": 197,
    "Z2": 79,
    "n_avg_per_event": 393.591,
    "n_std_per_event": 12.103624209301941,
    "pt": {
      "mean": 0.4203859865665436,
      "std": 0.2926773428916931,
      "median": 0.35512667894363403,
      "min": 0.0005230383248999715,
      "max": 2.7922582626342773
    },
    "y": {
      "mean": -0.15909896790981293,
      "std": 0.6257824897766113,
      "median": -0.2023003101348877,
      "min": -2.9307878017425537,
      "max": 2.8502297401428223
    },
    "eta": {
      "mean": -0.37003466486930847,
      "std": 1.4605834484100342,
      "median": -0.3765313923358917,
      "min": -7.960093975067139,
      "max": 6.9017333984375
    },
    "theta_deg": {
      "mean": 103.51679992675781,
      "std": 52.08045196533203
    },
    "phi_deg": {
      "mean": 179.80677795410156,
      "std": 103.55726623535156
    }
  },
  "unmodified": {
    "n_events": 1000,
    "n_total_particles": 393981,
    "system_label": "Xe-129+Au-197 @ 2.0 GeV",
    "sqrt_s_NN": 2.0,
    "A1": 129,
    "Z1": 54,
    "A2": 197,
    "Z2": 79,
    "n_avg_per_event": 393.981,
    "n_std_per_event": 11.7255549548838,
    "pt": {
      "mean": 0.42687883973121643,
      "std": 0.2934187352657318,
      "median": 0.36284732818603516,
      "min": 0.0004319793952163309,
      "max": 2.439643621444702
    },
    "y": {
      "mean": -0.15883241593837738,
      "std": 0.6200123429298401,
      "median": -0.19968587160110474,
      "min": -2.574103355407715,
      "max": 2.809330463409424
    },
    "eta": {
      "mean": -0.36984896659851074,
      "std": 1.4201205968856812,
      "median": -0.3699154257774353,
      "min": -7.410572528839111,
      "max": 7.281108379364014
    },
    "theta_deg": {
      "mean": 103.51492309570312,
      "std": 51.45266342163086
    },
    "phi_deg": {
      "mean": 179.94322204589844,
      "std": 103.474365234375
    }
  },
  "cumulative": {
    "total_events_modified": 1000,
    "total_events_unmodified": 1000,
    "total_particles_modified": 393591,
    "total_particles_unmodified": 393981,
    "signatures_detected": 0,
    "avg_multiplicity_modified": 393.591,
    "avg_multiplicity_unmodified": 393.981,
    "forbidden_breakdown_modified": {
      "very_forward": 0,
      "very_backward": 0,
      "impossible_kin": 0,
      "extreme_sideways": 158
    },
    "forbidden_breakdown_unmodified": {
      "very_forward": 0,
      "very_backward": 0,
      "impossible_kin": 0,
      "extreme_sideways": 171
    },
    "total_forbidden_modified": 158,
    "total_forbidden_unmodified": 171,
    "n_angular_samples_modified": 393591,
    "n_angular_samples_unmodified": 393981
  }
}