{
  "run_name": "run_1",
  "modified": {
    "n_events": 10000,
    "n_total_particles": 3936787,
    "system_label": "Xe-129+Au-197 @ 2.0 GeV",
    "sqrt_s_NN": 2.0,
    "A1": 129,
    "Z1": 54,
    "A2": 197,
    "Z2": 79,
    "n_avg_per_event": 393.6787,
    "n_std_per_event": 11.909100146946452,
    "pt": {
      "mean": 0.42300763726234436,
      "std": 0.2922471761703491,
      "median": 0.3588516116142273,
      "min": 0.00010255715460516512,
      "max": 2.8427183628082275
    },
    "y": {
      "mean": 1.6927754878997803,
      "std": 0.6237810254096985,
      "median": 1.6472760438919067,
      "min": -0.9932793378829956,
      "max": 4.726207733154297
    },
    "eta": {
      "mean": 2.59450364112854,
      "std": 0.8982346057891846,
      "median": 2.468630790710449,
      "min": -6.892138957977295,
      "max": 10.664496421813965
    },
    "theta_deg": {
      "mean": 11.761335372924805,
      "std": 9.735529899597168
    },
    "phi_deg": {
      "mean": 179.96368408203125,
      "std": 103.54902648925781
    }
  },
  "unmodified": {
    "n_events": 10000,
    "n_total_particles": 3942496,
    "system_label": "Xe-129+Au-197 @ 2.0 GeV",
    "sqrt_s_NN": 2.0,
    "A1": 129,
    "Z1": 54,
    "A2": 197,
    "Z2": 79,
    "n_avg_per_event": 394.2496,
    "n_std_per_event": 11.962169528977592,
    "pt": {
      "mean": 0.4270676076412201,
      "std": 0.2932806611061096,
      "median": 0.36341774463653564,
      "min": 9.061944183486048e-06,
      "max": 2.9474265575408936
    },
    "y": {
      "mean": 1.692858338356018,
      "std": 0.6192433834075928,
      "median": 1.6521172523498535,
      "min": -1.3459867238998413,
      "max": 4.7845587730407715
    },
    "eta": {
      "mean": 2.582566976547241,
      "std": 0.8742373585700989,
      "median": 2.468156337738037,
      "min": -3.352062463760376,
      "max": 12.3816556930542
    },
    "theta_deg": {
      "mean": 11.771085739135742,
      "std": 9.664912223815918
    },
    "phi_deg": {
      "mean": 179.98463439941406,
      "std": 103.60305786132812
    }
  },
  "cumulative": {
    "total_events_modified": 10000,
    "total_events_unmodified": 10000,
    "total_particles_modified": 3936787,
    "total_particles_unmodified": 3942496,
    "signatures_detected": 1,
    "avg_multiplicity_modified": 393.6787,
    "avg_multiplicity_unmodified": 394.2496,
    "forbidden_breakdown_modified": {
      "very_forward": 73163,
      "very_backward": 0,
      "impossible_kin": 0,
      "extreme_sideways": 0
    },
    "forbidden_breakdown_unmodified": {
      "very_forward": 61458,
      "very_backward": 0,
      "impossible_kin": 0,
      "extreme_sideways": 0
    },
    "total_forbidden_modified": 73163,
    "total_forbidden_unmodified": 61458,
    "n_angular_samples_modified": 3936787,
    "n_angular_samples_unmodified": 3942496
  }
}