{
  "run_name": "run_1",
  "modified": {
    "n_events": 10000,
    "n_total_particles": 3941435,
    "system_label": "Xe-129+Au-197 @ 2.0 GeV",
    "sqrt_s_NN": 2.0,
    "A1": 129,
    "Z1": 54,
    "A2": 197,
    "Z2": 79,
    "n_avg_per_event": 394.1435,
    "n_std_per_event": 12.040403139014906,
    "pt": {
      "mean": 0.4235231578350067,
      "std": 0.2927652895450592,
      "median": 0.35925206542015076,
      "min": 0.00039213168201968074,
      "max": 3.2797672748565674
    },
    "y": {
      "mean": -0.1594233512878418,
      "std": 0.6224235892295837,
      "median": -0.19953061640262604,
      "min": -2.9919867515563965,
      "max": 3.0077574253082275
    },
    "eta": {
      "mean": -0.3786039650440216,
      "std": 1.435948371887207,
      "median": -0.36991819739341736,
      "min": -8.843485832214355,
      "max": 7.93439245223999
    },
    "theta_deg": {
      "mean": 103.58666229248047,
      "std": 51.71305465698242
    },
    "phi_deg": {
      "mean": 179.98086547851562,
      "std": 103.59994506835938
    }
  },
  "unmodified": {
    "n_events": 10000,
    "n_total_particles": 3941654,
    "system_label": "Xe-129+Au-197 @ 2.0 GeV",
    "sqrt_s_NN": 2.0,
    "A1": 129,
    "Z1": 54,
    "A2": 197,
    "Z2": 79,
    "n_avg_per_event": 394.1654,
    "n_std_per_event": 12.002601503007588,
    "pt": {
      "mean": 0.42612189054489136,
      "std": 0.2928831875324249,
      "median": 0.3621100187301636,
      "min": 0.00021345711138565093,
      "max": 2.76554274559021
    },
    "y": {
      "mean": -0.15897388756275177,
      "std": 0.6203370690345764,
      "median": -0.19993707537651062,
      "min": -3.0977871417999268,
      "max": 2.809330463409424
    },
    "eta": {
      "mean": -0.370539128780365,
      "std": 1.4213875532150269,
      "median": -0.3709171712398529,
      "min": -8.166423797607422,
      "max": 9.199198722839355
    },
    "theta_deg": {
      "mean": 103.51795959472656,
      "std": 51.480674743652344
    },
    "phi_deg": {
      "mean": 179.9921417236328,
      "std": 103.56733703613281
    }
  },
  "cumulative": {
    "total_events_modified": 10000,
    "total_events_unmodified": 10000,
    "total_particles_modified": 3941435,
    "total_particles_unmodified": 3941654,
    "signatures_detected": 0,
    "avg_multiplicity_modified": 394.1435,
    "avg_multiplicity_unmodified": 394.1654,
    "forbidden_breakdown_modified": {
      "very_forward": 0,
      "very_backward": 0,
      "impossible_kin": 0,
      "extreme_sideways": 1621
    },
    "forbidden_breakdown_unmodified": {
      "very_forward": 0,
      "very_backward": 0,
      "impossible_kin": 0,
      "extreme_sideways": 1625
    },
    "total_forbidden_modified": 1621,
    "total_forbidden_unmodified": 1625,
    "n_angular_samples_modified": 3941435,
    "n_angular_samples_unmodified": 3941654
  }
}