{
  "run_name": "run_8",
  "modified": {
    "n_events": 1000,
    "n_total_particles": 394793,
    "system_label": "Xe-129+Au-197 @ 2.0 GeV",
    "sqrt_s_NN": 2.0,
    "A1": 129,
    "Z1": 54,
    "A2": 197,
    "Z2": 79,
    "n_avg_per_event": 394.793,
    "n_std_per_event": 11.775574338434623,
    "pt": {
      "mean": 0.4251008629798889,
      "std": 0.2930310070514679,
      "median": 0.36111125349998474,
      "min": 0.0005074894288554788,
      "max": 2.6838510036468506
    },
    "y": {
      "mean": 1.6930676698684692,
      "std": 0.6201278567314148,
      "median": 1.6539242267608643,
      "min": -0.989838719367981,
      "max": 4.7938432693481445
    },
    "eta": {
      "mean": 2.587414264678955,
      "std": 0.8713817000389099,
      "median": 2.477959394454956,
      "min": -2.2246320247650146,
      "max": 9.230987548828125
    },
    "theta_deg": {
      "mean": 11.71147632598877,
      "std": 9.664825439453125
    },
    "phi_deg": {
      "mean": 180.21087646484375,
      "std": 103.54761505126953
    }
  },
  "unmodified": {
    "n_events": 1000,
    "n_total_particles": 394114,
    "system_label": "Xe-129+Au-197 @ 2.0 GeV",
    "sqrt_s_NN": 2.0,
    "A1": 129,
    "Z1": 54,
    "A2": 197,
    "Z2": 79,
    "n_avg_per_event": 394.114,
    "n_std_per_event": 11.696452624620852,
    "pt": {
      "mean": 0.4257451593875885,
      "std": 0.2930155098438263,
      "median": 0.3612591624259949,
      "min": 0.00042175932321697474,
      "max": 2.909101963043213
    },
    "y": {
      "mean": 1.6926571130752563,
      "std": 0.6200734376907349,
      "median": 1.6520988941192627,
      "min": -1.3459867238998413,
      "max": 4.538971424102783
    },
    "eta": {
      "mean": 2.586021661758423,
      "std": 0.8754749894142151,
      "median": 2.47025728225708,
      "min": -2.3032736778259277,
      "max": 9.071060180664062
    },
    "theta_deg": {
      "mean": 11.737173080444336,
      "std": 9.604976654052734
    },
    "phi_deg": {
      "mean": 179.88754272460938,
      "std": 103.60607147216797
    }
  },
  "cumulative": {
    "total_events_modified": 1000,
    "total_events_unmodified": 1000,
    "total_particles_modified": 394793,
    "total_particles_unmodified": 394114,
    "signatures_detected": 0,
    "avg_multiplicity_modified": 394.793,
    "avg_multiplicity_unmodified": 394.114,
    "forbidden_breakdown_modified": {
      "very_forward": 6084,
      "very_backward": 0,
      "impossible_kin": 0,
      "extreme_sideways": 0
    },
    "forbidden_breakdown_unmodified": {
      "very_forward": 6255,
      "very_backward": 0,
      "impossible_kin": 0,
      "extreme_sideways": 0
    },
    "total_forbidden_modified": 6084,
    "total_forbidden_unmodified": 6255,
    "n_angular_samples_modified": 394793,
    "n_angular_samples_unmodified": 394114
  }
}