{
  "run_name": "run_5",
  "modified": {
    "n_events": 1000,
    "n_total_particles": 393798,
    "system_label": "Xe-129+Au-197 @ 2.0 GeV",
    "sqrt_s_NN": 2.0,
    "A1": 129,
    "Z1": 54,
    "A2": 197,
    "Z2": 79,
    "n_avg_per_event": 393.798,
    "n_std_per_event": 12.093518760063176,
    "pt": {
      "mean": 0.4228949546813965,
      "std": 0.2920399010181427,
      "median": 0.3586479425430298,
      "min": 0.0006314844940789044,
      "max": 2.7552993297576904
    },
    "y": {
      "mean": 1.6930278539657593,
      "std": 0.6231058239936829,
      "median": 1.6471881866455078,
      "min": -0.931685209274292,
      "max": 4.599133491516113
    },
    "eta": {
      "mean": 2.594815969467163,
      "std": 0.8973667621612549,
      "median": 2.4685463905334473,
      "min": -3.484269380569458,
      "max": 9.235488891601562
    },
    "theta_deg": {
      "mean": 11.749944686889648,
      "std": 9.692525863647461
    },
    "phi_deg": {
      "mean": 179.99305725097656,
      "std": 103.58729553222656
    }
  },
  "unmodified": {
    "n_events": 1000,
    "n_total_particles": 394658,
    "system_label": "Xe-129+Au-197 @ 2.0 GeV",
    "sqrt_s_NN": 2.0,
    "A1": 129,
    "Z1": 54,
    "A2": 197,
    "Z2": 79,
    "n_avg_per_event": 394.658,
    "n_std_per_event": 12.544123564442435,
    "pt": {
      "mean": 0.4286500811576843,
      "std": 0.29352065920829773,
      "median": 0.36537835001945496,
      "min": 0.000715490197762847,
      "max": 2.708329916000366
    },
    "y": {
      "mean": 1.692797303199768,
      "std": 0.6174532175064087,
      "median": 1.652707815170288,
      "min": -0.9486437439918518,
      "max": 4.558419227600098
    },
    "eta": {
      "mean": 2.5776190757751465,
      "std": 0.8710800409317017,
      "median": 2.4640603065490723,
      "min": -2.4277942180633545,
      "max": 9.515938758850098
    },
    "theta_deg": {
      "mean": 11.811753273010254,
      "std": 9.708990097045898
    },
    "phi_deg": {
      "mean": 179.99305725097656,
      "std": 103.48031616210938
    }
  },
  "cumulative": {
    "total_events_modified": 1000,
    "total_events_unmodified": 1000,
    "total_particles_modified": 393798,
    "total_particles_unmodified": 394658,
    "signatures_detected": 1,
    "avg_multiplicity_modified": 393.798,
    "avg_multiplicity_unmodified": 394.658,
    "forbidden_breakdown_modified": {
      "very_forward": 7364,
      "very_backward": 0,
      "impossible_kin": 0,
      "extreme_sideways": 0
    },
    "forbidden_breakdown_unmodified": {
      "very_forward": 5941,
      "very_backward": 0,
      "impossible_kin": 0,
      "extreme_sideways": 0
    },
    "total_forbidden_modified": 7364,
    "total_forbidden_unmodified": 5941,
    "n_angular_samples_modified": 393798,
    "n_angular_samples_unmodified": 394658
  }
}