{
  "run_name": "run_5",
  "modified": {
    "n_events": 1000,
    "n_total_particles": 394538,
    "system_label": "Xe-129+Au-197 @ 2.0 GeV",
    "sqrt_s_NN": 2.0,
    "A1": 129,
    "Z1": 54,
    "A2": 197,
    "Z2": 79,
    "n_avg_per_event": 394.538,
    "n_std_per_event": 11.60795227419548,
    "pt": {
      "mean": 0.4242183268070221,
      "std": 0.2923831045627594,
      "median": 0.361072838306427,
      "min": 0.0006465615588240325,
      "max": 2.6429386138916016
    },
    "y": {
      "mean": 0.8918218612670898,
      "std": 0.6213619112968445,
      "median": 0.9320186376571655,
      "min": -2.206336259841919,
      "max": 3.7327866554260254
    },
    "eta": {
      "mean": 1.53677499294281,
      "std": 1.2370845079421997,
      "median": 1.4964491128921509,
      "min": -5.285314083099365,
      "max": 8.255633354187012
    },
    "theta_deg": {
      "mean": 36.874874114990234,
      "std": 35.297515869140625
    },
    "phi_deg": {
      "mean": 179.96298217773438,
      "std": 103.66185760498047
    }
  },
  "unmodified": {
    "n_events": 1000,
    "n_total_particles": 394658,
    "system_label": "Xe-129+Au-197 @ 2.0 GeV",
    "sqrt_s_NN": 2.0,
    "A1": 129,
    "Z1": 54,
    "A2": 197,
    "Z2": 79,
    "n_avg_per_event": 394.658,
    "n_std_per_event": 12.544123564442435,
    "pt": {
      "mean": 0.4286500811576843,
      "std": 0.29352065920829773,
      "median": 0.36537835001945496,
      "min": 0.000715490197762847,
      "max": 2.708329916000366
    },
    "y": {
      "mean": 0.8922638893127441,
      "std": 0.6174531579017639,
      "median": 0.9323533773422241,
      "min": -1.9734159708023071,
      "max": 3.5337228775024414
    },
    "eta": {
      "mean": 1.5286320447921753,
      "std": 1.2162641286849976,
      "median": 1.4953047037124634,
      "min": -6.613938331604004,
      "max": 8.965498924255371
    },
    "theta_deg": {
      "mean": 36.75658416748047,
      "std": 34.97395324707031
    },
    "phi_deg": {
      "mean": 179.99305725097656,
      "std": 103.48031616210938
    }
  },
  "cumulative": {
    "total_events_modified": 1000,
    "total_events_unmodified": 1000,
    "total_particles_modified": 394538,
    "total_particles_unmodified": 394658,
    "signatures_detected": 0,
    "avg_multiplicity_modified": 394.538,
    "avg_multiplicity_unmodified": 394.658,
    "forbidden_breakdown_modified": {
      "very_forward": 484,
      "very_backward": 0,
      "impossible_kin": 0,
      "extreme_sideways": 17
    },
    "forbidden_breakdown_unmodified": {
      "very_forward": 496,
      "very_backward": 0,
      "impossible_kin": 0,
      "extreme_sideways": 12
    },
    "total_forbidden_modified": 501,
    "total_forbidden_unmodified": 508,
    "n_angular_samples_modified": 394538,
    "n_angular_samples_unmodified": 394658
  }
}