{
  "run_name": "run_1",
  "modified": {
    "n_events": 1000,
    "n_total_particles": 393912,
    "system_label": "Xe-129+Au-197 @ 2.0 GeV",
    "sqrt_s_NN": 2.0,
    "A1": 129,
    "Z1": 54,
    "A2": 197,
    "Z2": 79,
    "n_avg_per_event": 393.912,
    "n_std_per_event": 12.305618879194984,
    "pt": {
      "mean": 0.42163804173469543,
      "std": 0.2923858165740967,
      "median": 0.3567920923233032,
      "min": 0.00025758767151273787,
      "max": 2.4207565784454346
    },
    "y": {
      "mean": 0.8925237655639648,
      "std": 0.6242812275886536,
      "median": 0.9328212738037109,
      "min": -1.9051918983459473,
      "max": 3.5564005374908447
    },
    "eta": {
      "mean": 1.5402889251708984,
      "std": 1.2495007514953613,
      "median": 1.4986295700073242,
      "min": -6.380146026611328,
      "max": 9.528498649597168
    },
    "theta_deg": {
      "mean": 36.97386932373047,
      "std": 35.613014221191406
    },
    "phi_deg": {
      "mean": 179.9998016357422,
      "std": 103.53839111328125
    }
  },
  "unmodified": {
    "n_events": 1000,
    "n_total_particles": 394788,
    "system_label": "Xe-129+Au-197 @ 2.0 GeV",
    "sqrt_s_NN": 2.0,
    "A1": 129,
    "Z1": 54,
    "A2": 197,
    "Z2": 79,
    "n_avg_per_event": 394.788,
    "n_std_per_event": 11.671806029916707,
    "pt": {
      "mean": 0.42768552899360657,
      "std": 0.29406702518463135,
      "median": 0.36400192975997925,
      "min": 0.0007776704151183367,
      "max": 2.8226561546325684
    },
    "y": {
      "mean": 0.8919317126274109,
      "std": 0.6184607148170471,
      "median": 0.9322086572647095,
      "min": -2.199451208114624,
      "max": 3.4603207111358643
    },
    "eta": {
      "mean": 1.528128981590271,
      "std": 1.2204113006591797,
      "median": 1.495626449584961,
      "min": -6.127364635467529,
      "max": 8.45568561553955
    },
    "theta_deg": {
      "mean": 36.81446075439453,
      "std": 35.1424560546875
    },
    "phi_deg": {
      "mean": 179.96604919433594,
      "std": 103.58271789550781
    }
  },
  "cumulative": {
    "total_events_modified": 1000,
    "total_events_unmodified": 1000,
    "total_particles_modified": 393912,
    "total_particles_unmodified": 394788,
    "signatures_detected": 0,
    "avg_multiplicity_modified": 393.912,
    "avg_multiplicity_unmodified": 394.788,
    "forbidden_breakdown_modified": {
      "very_forward": 483,
      "very_backward": 0,
      "impossible_kin": 0,
      "extreme_sideways": 14
    },
    "forbidden_breakdown_unmodified": {
      "very_forward": 462,
      "very_backward": 0,
      "impossible_kin": 0,
      "extreme_sideways": 10
    },
    "total_forbidden_modified": 497,
    "total_forbidden_unmodified": 472,
    "n_angular_samples_modified": 393912,
    "n_angular_samples_unmodified": 394788
  }
}