{
  "run_name": "run_8",
  "modified": {
    "n_events": 1000,
    "n_total_particles": 392489,
    "system_label": "Xe-129+Au-197 @ 2.0 GeV",
    "sqrt_s_NN": 2.0,
    "A1": 129,
    "Z1": 54,
    "A2": 197,
    "Z2": 79,
    "n_avg_per_event": 392.489,
    "n_std_per_event": 11.694010389938946,
    "pt": {
      "mean": 0.4099065661430359,
      "std": 0.29027625918388367,
      "median": 0.3423915505409241,
      "min": 0.0003813943185377866,
      "max": 2.596081256866455
    },
    "y": {
      "mean": 0.892879068851471,
      "std": 0.6367007493972778,
      "median": 0.9429711699485779,
      "min": -1.8828097581863403,
      "max": 3.4278738498687744
    },
    "eta": {
      "mean": 1.5362669229507446,
      "std": 1.3148221969604492,
      "median": 1.5141183137893677,
      "min": -6.0416178703308105,
      "max": 9.252437591552734
    },
    "theta_deg": {
      "mean": 37.91912841796875,
      "std": 37.884117126464844
    },
    "phi_deg": {
      "mean": 179.966552734375,
      "std": 103.60081481933594
    }
  },
  "unmodified": {
    "n_events": 1000,
    "n_total_particles": 394114,
    "system_label": "Xe-129+Au-197 @ 2.0 GeV",
    "sqrt_s_NN": 2.0,
    "A1": 129,
    "Z1": 54,
    "A2": 197,
    "Z2": 79,
    "n_avg_per_event": 394.114,
    "n_std_per_event": 11.696452624620852,
    "pt": {
      "mean": 0.4257451593875885,
      "std": 0.2930155098438263,
      "median": 0.3612591624259949,
      "min": 0.00042175932321697474,
      "max": 2.909101963043213
    },
    "y": {
      "mean": 0.8924040794372559,
      "std": 0.6200734376907349,
      "median": 0.9329620003700256,
      "min": -1.953926920890808,
      "max": 3.9310150146484375
    },
    "eta": {
      "mean": 1.5333819389343262,
      "std": 1.2269883155822754,
      "median": 1.4999680519104004,
      "min": -5.791619300842285,
      "max": 9.285566329956055
    },
    "theta_deg": {
      "mean": 36.80989456176758,
      "std": 35.2031135559082
    },
    "phi_deg": {
      "mean": 179.88754272460938,
      "std": 103.60607147216797
    }
  },
  "cumulative": {
    "total_events_modified": 1000,
    "total_events_unmodified": 1000,
    "total_particles_modified": 392489,
    "total_particles_unmodified": 394114,
    "signatures_detected": 1,
    "avg_multiplicity_modified": 392.489,
    "avg_multiplicity_unmodified": 394.114,
    "forbidden_breakdown_modified": {
      "very_forward": 522,
      "very_backward": 0,
      "impossible_kin": 0,
      "extreme_sideways": 11
    },
    "forbidden_breakdown_unmodified": {
      "very_forward": 476,
      "very_backward": 0,
      "impossible_kin": 0,
      "extreme_sideways": 9
    },
    "total_forbidden_modified": 533,
    "total_forbidden_unmodified": 485,
    "n_angular_samples_modified": 392489,
    "n_angular_samples_unmodified": 394114
  }
}