{
  "run_name": "run_2",
  "modified": {
    "n_events": 1000,
    "n_total_particles": 968961,
    "system_label": "Au+Au @ 10.0 GeV",
    "sqrt_s_NN": 10.0,
    "A1": 197,
    "Z1": 79,
    "A2": 197,
    "Z2": 79,
    "n_avg_per_event": 968.961,
    "n_std_per_event": 19.863722687351434,
    "pt": {
      "mean": 0.46248525381088257,
      "std": 0.3525557219982147,
      "median": 0.36752554774284363,
      "min": 0.00024064684112090617,
      "max": 4.112186431884766
    },
    "y": {
      "mean": -0.00017223945178557187,
      "std": 0.8633705377578735,
      "median": -0.0001452776341466233,
      "min": -3.7543540000915527,
      "max": 3.4565765857696533
    },
    "eta": {
      "mean": -0.0004099555662833154,
      "std": 1.3389415740966797,
      "median": -0.0002168182109016925,
      "min": -8.373162269592285,
      "max": 9.97541618347168
    },
    "theta_deg": {
      "mean": 90.0187759399414,
      "std": 49.68017578125
    },
    "phi_deg": {
      "mean": 179.9092559814453,
      "std": 103.93721771240234
    }
  },
  "unmodified": {
    "n_events": 1000,
    "n_total_particles": 989017,
    "system_label": "Au+Au @ 10.0 GeV",
    "sqrt_s_NN": 10.0,
    "A1": 197,
    "Z1": 79,
    "A2": 197,
    "Z2": 79,
    "n_avg_per_event": 989.017,
    "n_std_per_event": 19.145775278112925,
    "pt": {
      "mean": 0.47017377614974976,
      "std": 0.3549482822418213,
      "median": 0.3758164942264557,
      "min": 0.00032191190985031426,
      "max": 3.785672903060913
    },
    "y": {
      "mean": -1.6892932762857527e-05,
      "std": 0.845493733882904,
      "median": 0.00044498901115730405,
      "min": -3.5726497173309326,
      "max": 3.5000479221343994
    },
    "eta": {
      "mean": -4.198538590571843e-05,
      "std": 1.2613657712936401,
      "median": 0.000650617468636483,
      "min": -8.036709785461426,
      "max": 8.201930046081543
    },
    "theta_deg": {
      "mean": 89.98654174804688,
      "std": 48.80207061767578
    },
    "phi_deg": {
      "mean": 179.93455505371094,
      "std": 103.86984252929688
    }
  },
  "cumulative": {
    "total_events_modified": 1000,
    "total_events_unmodified": 1000,
    "total_particles_modified": 968961,
    "total_particles_unmodified": 989017,
    "signatures_detected": 0,
    "avg_multiplicity_modified": 968.961,
    "avg_multiplicity_unmodified": 989.017,
    "forbidden_breakdown_modified": {
      "very_forward": 19,
      "very_backward": 93,
      "impossible_kin": 0,
      "extreme_sideways": 1110
    },
    "forbidden_breakdown_unmodified": {
      "very_forward": 19,
      "very_backward": 81,
      "impossible_kin": 0,
      "extreme_sideways": 1207
    },
    "n_angular_samples_modified": 968961,
    "n_angular_samples_unmodified": 989017
  }
}