{
  "run_name": "run_7",
  "modified": {
    "n_events": 1000,
    "n_total_particles": 969828,
    "system_label": "Au+Au @ 10.0 GeV",
    "sqrt_s_NN": 10.0,
    "A1": 197,
    "Z1": 79,
    "A2": 197,
    "Z2": 79,
    "n_avg_per_event": 969.828,
    "n_std_per_event": 18.70578562905071,
    "pt": {
      "mean": 0.4622018337249756,
      "std": 0.3527689576148987,
      "median": 0.36720263957977295,
      "min": 0.0004988194559700787,
      "max": 3.665524959564209
    },
    "y": {
      "mean": -9.959525777958333e-05,
      "std": 0.8628130555152893,
      "median": -0.0005759336054325104,
      "min": -3.8953795433044434,
      "max": 3.7213358879089355
    },
    "eta": {
      "mean": 0.0005168762872926891,
      "std": 1.3404408693313599,
      "median": -0.0008382858941331506,
      "min": -9.093708038330078,
      "max": 7.900148391723633
    },
    "theta_deg": {
      "mean": 90.01313781738281,
      "std": 49.674339294433594
    },
    "phi_deg": {
      "mean": 180.04095458984375,
      "std": 103.9219970703125
    }
  },
  "unmodified": {
    "n_events": 1000,
    "n_total_particles": 991336,
    "system_label": "Au+Au @ 10.0 GeV",
    "sqrt_s_NN": 10.0,
    "A1": 197,
    "Z1": 79,
    "A2": 197,
    "Z2": 79,
    "n_avg_per_event": 991.336,
    "n_std_per_event": 19.177202715724732,
    "pt": {
      "mean": 0.46928784251213074,
      "std": 0.35446763038635254,
      "median": 0.374938428401947,
      "min": 0.00034896479337476194,
      "max": 3.710850954055786
    },
    "y": {
      "mean": -0.00030917770345695317,
      "std": 0.8447380065917969,
      "median": 0.0003343000716995448,
      "min": -3.9789700508117676,
      "max": 3.558370351791382
    },
    "eta": {
      "mean": -0.0006831542123109102,
      "std": 1.2604808807373047,
      "median": 0.0005207224749028683,
      "min": -7.646927833557129,
      "max": 8.777743339538574
    },
    "theta_deg": {
      "mean": 89.9968490600586,
      "std": 48.79729461669922
    },
    "phi_deg": {
      "mean": 179.9406280517578,
      "std": 103.85527801513672
    }
  },
  "cumulative": {
    "total_events_modified": 1000,
    "total_events_unmodified": 1000,
    "total_particles_modified": 969828,
    "total_particles_unmodified": 991336,
    "signatures_detected": 0,
    "avg_multiplicity_modified": 969.828,
    "avg_multiplicity_unmodified": 991.336,
    "forbidden_breakdown_modified": {
      "very_forward": 32,
      "very_backward": 72,
      "impossible_kin": 0,
      "extreme_sideways": 1086
    },
    "forbidden_breakdown_unmodified": {
      "very_forward": 17,
      "very_backward": 93,
      "impossible_kin": 0,
      "extreme_sideways": 1129
    },
    "n_angular_samples_modified": 969828,
    "n_angular_samples_unmodified": 991336
  }
}