{
  "run_name": "run_1",
  "modified": {
    "n_events": 1000,
    "n_total_particles": 968840,
    "system_label": "Au+Au @ 10.0 GeV",
    "sqrt_s_NN": 10.0,
    "A1": 197,
    "Z1": 79,
    "A2": 197,
    "Z2": 79,
    "n_avg_per_event": 968.84,
    "n_std_per_event": 20.183963931794963,
    "pt": {
      "mean": 0.46260786056518555,
      "std": 0.35313719511032104,
      "median": 0.3680703639984131,
      "min": 0.0002500182599760592,
      "max": 4.294131755828857
    },
    "y": {
      "mean": 0.00035969377495348454,
      "std": 0.8627482652664185,
      "median": 0.0003589593106880784,
      "min": -3.547438383102417,
      "max": 3.6367528438568115
    },
    "eta": {
      "mean": -0.0006021095323376358,
      "std": 1.3396730422973633,
      "median": 0.0005370628205128014,
      "min": -8.397189140319824,
      "max": 8.088850021362305
    },
    "theta_deg": {
      "mean": 90.00394439697266,
      "std": 49.66909408569336
    },
    "phi_deg": {
      "mean": 179.97735595703125,
      "std": 103.92303466796875
    }
  },
  "unmodified": {
    "n_events": 1000,
    "n_total_particles": 990146,
    "system_label": "Au+Au @ 10.0 GeV",
    "sqrt_s_NN": 10.0,
    "A1": 197,
    "Z1": 79,
    "A2": 197,
    "Z2": 79,
    "n_avg_per_event": 990.146,
    "n_std_per_event": 19.04239176154088,
    "pt": {
      "mean": 0.47004789113998413,
      "std": 0.3548506796360016,
      "median": 0.375504732131958,
      "min": 0.00031414523255079985,
      "max": 3.7744154930114746
    },
    "y": {
      "mean": -0.0008553569787181914,
      "std": 0.8448725342750549,
      "median": -0.0020712092518806458,
      "min": -3.4017279148101807,
      "max": 3.833965301513672
    },
    "eta": {
      "mean": -0.0007172826444730163,
      "std": 1.26105535030365,
      "median": -0.0029489982407540083,
      "min": -8.36904239654541,
      "max": 7.20313024520874
    },
    "theta_deg": {
      "mean": 90.07088470458984,
      "std": 48.79068374633789
    },
    "phi_deg": {
      "mean": 179.9151611328125,
      "std": 103.88389587402344
    }
  },
  "cumulative": {
    "total_events_modified": 1000,
    "total_events_unmodified": 1000,
    "total_particles_modified": 968840,
    "total_particles_unmodified": 990146,
    "signatures_detected": 0,
    "avg_multiplicity_modified": 968.84,
    "avg_multiplicity_unmodified": 990.146,
    "forbidden_breakdown_modified": {
      "very_forward": 26,
      "very_backward": 93,
      "impossible_kin": 0,
      "extreme_sideways": 1112
    },
    "forbidden_breakdown_unmodified": {
      "very_forward": 16,
      "very_backward": 87,
      "impossible_kin": 0,
      "extreme_sideways": 1214
    },
    "n_angular_samples_modified": 968840,
    "n_angular_samples_unmodified": 990146
  }
}