{
  "run_name": "run_10",
  "modified": {
    "n_events": 1000,
    "n_total_particles": 969095,
    "system_label": "Au+Au @ 10.0 GeV",
    "sqrt_s_NN": 10.0,
    "A1": 197,
    "Z1": 79,
    "A2": 197,
    "Z2": 79,
    "n_avg_per_event": 969.095,
    "n_std_per_event": 18.954734896589823,
    "pt": {
      "mean": 0.46231356263160706,
      "std": 0.35269394516944885,
      "median": 0.367157518863678,
      "min": 0.0003582873323466629,
      "max": 3.8415870666503906
    },
    "y": {
      "mean": 0.0010198185918852687,
      "std": 0.8632205724716187,
      "median": 0.002232507336884737,
      "min": -4.012426376342773,
      "max": 3.4975600242614746
    },
    "eta": {
      "mean": 0.00024852168280631304,
      "std": 1.339595079421997,
      "median": 0.003149935510009527,
      "min": -7.896914482116699,
      "max": 8.045632362365723
    },
    "theta_deg": {
      "mean": 89.94380187988281,
      "std": 49.6816291809082
    },
    "phi_deg": {
      "mean": 180.01107788085938,
      "std": 104.01313018798828
    }
  },
  "unmodified": {
    "n_events": 1000,
    "n_total_particles": 990467,
    "system_label": "Au+Au @ 10.0 GeV",
    "sqrt_s_NN": 10.0,
    "A1": 197,
    "Z1": 79,
    "A2": 197,
    "Z2": 79,
    "n_avg_per_event": 990.467,
    "n_std_per_event": 19.365973019706498,
    "pt": {
      "mean": 0.4699905514717102,
      "std": 0.3554006814956665,
      "median": 0.375169038772583,
      "min": 0.00022959426860325038,
      "max": 3.8581981658935547
    },
    "y": {
      "mean": 0.00019851725664921105,
      "std": 0.8442564606666565,
      "median": 0.0005212688120082021,
      "min": -3.6338589191436768,
      "max": 3.564753532409668
    },
    "eta": {
      "mean": 0.000616548873949796,
      "std": 1.2609777450561523,
      "median": 0.0008122642757371068,
      "min": -7.941488265991211,
      "max": 7.989480495452881
    },
    "theta_deg": {
      "mean": 89.97865295410156,
      "std": 48.77539825439453
    },
    "phi_deg": {
      "mean": 179.94122314453125,
      "std": 103.90338134765625
    }
  },
  "cumulative": {
    "total_events_modified": 1000,
    "total_events_unmodified": 1000,
    "total_particles_modified": 969095,
    "total_particles_unmodified": 990467,
    "signatures_detected": 0,
    "avg_multiplicity_modified": 969.095,
    "avg_multiplicity_unmodified": 990.467,
    "forbidden_breakdown_modified": {
      "very_forward": 21,
      "very_backward": 74,
      "impossible_kin": 0,
      "extreme_sideways": 1045
    },
    "forbidden_breakdown_unmodified": {
      "very_forward": 17,
      "very_backward": 80,
      "impossible_kin": 0,
      "extreme_sideways": 1201
    },
    "n_angular_samples_modified": 969095,
    "n_angular_samples_unmodified": 990467
  }
}