{
  "run_name": "run_5",
  "modified": {
    "n_events": 1000,
    "n_total_particles": 967844,
    "system_label": "Au+Au @ 10.0 GeV",
    "sqrt_s_NN": 10.0,
    "A1": 197,
    "Z1": 79,
    "A2": 197,
    "Z2": 79,
    "n_avg_per_event": 967.844,
    "n_std_per_event": 18.63114768338226,
    "pt": {
      "mean": 0.46260011196136475,
      "std": 0.35328543186187744,
      "median": 0.3673822283744812,
      "min": 0.00020160335407126695,
      "max": 4.170597076416016
    },
    "y": {
      "mean": -0.0003181705833412707,
      "std": 0.8635436296463013,
      "median": -0.0014381060609593987,
      "min": -3.971749782562256,
      "max": 3.649890422821045
    },
    "eta": {
      "mean": -6.899339496158063e-05,
      "std": 1.3435689210891724,
      "median": -0.0021084356121718884,
      "min": -9.12167739868164,
      "max": 8.308489799499512
    },
    "theta_deg": {
      "mean": 90.00763702392578,
      "std": 49.704437255859375
    },
    "phi_deg": {
      "mean": 180.080078125,
      "std": 103.8780288696289
    }
  },
  "unmodified": {
    "n_events": 1000,
    "n_total_particles": 989997,
    "system_label": "Au+Au @ 10.0 GeV",
    "sqrt_s_NN": 10.0,
    "A1": 197,
    "Z1": 79,
    "A2": 197,
    "Z2": 79,
    "n_avg_per_event": 989.997,
    "n_std_per_event": 18.669306119939222,
    "pt": {
      "mean": 0.4702288508415222,
      "std": 0.3549251854419708,
      "median": 0.375439316034317,
      "min": 0.00030072726076468825,
      "max": 3.735944986343384
    },
    "y": {
      "mean": -0.00030759029323235154,
      "std": 0.8446329832077026,
      "median": 0.0012357449159026146,
      "min": -3.6950724124908447,
      "max": 3.5491490364074707
    },
    "eta": {
      "mean": -0.0004201791889499873,
      "std": 1.2612240314483643,
      "median": 0.00174901750870049,
      "min": -8.816593170166016,
      "max": 7.24384069442749
    },
    "theta_deg": {
      "mean": 89.99746704101562,
      "std": 48.77048873901367
    },
    "phi_deg": {
      "mean": 180.0452423095703,
      "std": 103.93507385253906
    }
  },
  "cumulative": {
    "total_events_modified": 1000,
    "total_events_unmodified": 1000,
    "total_particles_modified": 967844,
    "total_particles_unmodified": 989997,
    "signatures_detected": 0,
    "avg_multiplicity_modified": 967.844,
    "avg_multiplicity_unmodified": 989.997,
    "forbidden_breakdown_modified": {
      "very_forward": 25,
      "very_backward": 91,
      "impossible_kin": 0,
      "extreme_sideways": 1095
    },
    "forbidden_breakdown_unmodified": {
      "very_forward": 19,
      "very_backward": 83,
      "impossible_kin": 0,
      "extreme_sideways": 1265
    },
    "n_angular_samples_modified": 967844,
    "n_angular_samples_unmodified": 989997
  }
}