{
  "run_name": "run_8",
  "modified": {
    "n_events": 1000,
    "n_total_particles": 968369,
    "system_label": "Au+Au @ 10.0 GeV",
    "sqrt_s_NN": 10.0,
    "A1": 197,
    "Z1": 79,
    "A2": 197,
    "Z2": 79,
    "n_avg_per_event": 968.369,
    "n_std_per_event": 19.026214521023356,
    "pt": {
      "mean": 0.4622180759906769,
      "std": 0.3524077534675598,
      "median": 0.36779800057411194,
      "min": 0.00032532744808122516,
      "max": 3.782608985900879
    },
    "y": {
      "mean": -0.0003318973467685282,
      "std": 0.8649953007698059,
      "median": -0.0009467619238421321,
      "min": -3.618048667907715,
      "max": 3.69599986076355
    },
    "eta": {
      "mean": 0.0009271371527574956,
      "std": 1.342819094657898,
      "median": -0.0013496108585968614,
      "min": -8.185918807983398,
      "max": 9.551573753356934
    },
    "theta_deg": {
      "mean": 90.00153350830078,
      "std": 49.72755813598633
    },
    "phi_deg": {
      "mean": 179.93035888671875,
      "std": 103.90171813964844
    }
  },
  "unmodified": {
    "n_events": 1000,
    "n_total_particles": 990880,
    "system_label": "Au+Au @ 10.0 GeV",
    "sqrt_s_NN": 10.0,
    "A1": 197,
    "Z1": 79,
    "A2": 197,
    "Z2": 79,
    "n_avg_per_event": 990.88,
    "n_std_per_event": 19.738328196683728,
    "pt": {
      "mean": 0.46914321184158325,
      "std": 0.35453513264656067,
      "median": 0.3744790852069855,
      "min": 0.00011205531336599961,
      "max": 3.6792914867401123
    },
    "y": {
      "mean": 0.000142300283187069,
      "std": 0.8451253771781921,
      "median": 0.00128351675812155,
      "min": -3.5689902305603027,
      "max": 3.588597059249878
    },
    "eta": {
      "mean": -0.0004783180193044245,
      "std": 1.2610883712768555,
      "median": 0.0018522597383707762,
      "min": -8.039294242858887,
      "max": 8.730462074279785
    },
    "theta_deg": {
      "mean": 89.98066711425781,
      "std": 48.807525634765625
    },
    "phi_deg": {
      "mean": 179.927001953125,
      "std": 103.89369201660156
    }
  },
  "cumulative": {
    "total_events_modified": 1000,
    "total_events_unmodified": 1000,
    "total_particles_modified": 968369,
    "total_particles_unmodified": 990880,
    "signatures_detected": 0,
    "avg_multiplicity_modified": 968.369,
    "avg_multiplicity_unmodified": 990.88,
    "forbidden_breakdown_modified": {
      "very_forward": 33,
      "very_backward": 84,
      "impossible_kin": 0,
      "extreme_sideways": 1130
    },
    "forbidden_breakdown_unmodified": {
      "very_forward": 19,
      "very_backward": 68,
      "impossible_kin": 0,
      "extreme_sideways": 1163
    },
    "n_angular_samples_modified": 968369,
    "n_angular_samples_unmodified": 990880
  }
}