{
  "run_name": "run_3",
  "modified": {
    "n_events": 1000,
    "n_total_particles": 969078,
    "system_label": "Au+Au @ 10.0 GeV",
    "sqrt_s_NN": 10.0,
    "A1": 197,
    "Z1": 79,
    "A2": 197,
    "Z2": 79,
    "n_avg_per_event": 969.078,
    "n_std_per_event": 18.52020291465512,
    "pt": {
      "mean": 0.4624781906604767,
      "std": 0.3532509207725525,
      "median": 0.36695584654808044,
      "min": 0.00013587460853159428,
      "max": 3.868790626525879
    },
    "y": {
      "mean": -0.0006592469871975482,
      "std": 0.8635742664337158,
      "median": -0.0017421012744307518,
      "min": -3.5434272289276123,
      "max": 3.6098439693450928
    },
    "eta": {
      "mean": -0.0013024578802287579,
      "std": 1.3409885168075562,
      "median": -0.0025352260563522577,
      "min": -8.585700988769531,
      "max": 10.372697830200195
    },
    "theta_deg": {
      "mean": 90.0508041381836,
      "std": 49.71916198730469
    },
    "phi_deg": {
      "mean": 179.9814453125,
      "std": 103.86215209960938
    }
  },
  "unmodified": {
    "n_events": 1000,
    "n_total_particles": 991360,
    "system_label": "Au+Au @ 10.0 GeV",
    "sqrt_s_NN": 10.0,
    "A1": 197,
    "Z1": 79,
    "A2": 197,
    "Z2": 79,
    "n_avg_per_event": 991.36,
    "n_std_per_event": 18.64050428502405,
    "pt": {
      "mean": 0.4690033793449402,
      "std": 0.35389813780784607,
      "median": 0.3744100332260132,
      "min": 0.00048645809874869883,
      "max": 3.7782673835754395
    },
    "y": {
      "mean": -0.00024194442084990442,
      "std": 0.844510555267334,
      "median": -0.00018348186858929694,
      "min": -3.5952515602111816,
      "max": 3.4705657958984375
    },
    "eta": {
      "mean": -0.0007007212843745947,
      "std": 1.2611074447631836,
      "median": -0.000256624654866755,
      "min": -9.164017677307129,
      "max": 7.5840373039245605
    },
    "theta_deg": {
      "mean": 90.0140609741211,
      "std": 48.80161666870117
    },
    "phi_deg": {
      "mean": 180.0560302734375,
      "std": 103.9207992553711
    }
  },
  "cumulative": {
    "total_events_modified": 1000,
    "total_events_unmodified": 1000,
    "total_particles_modified": 969078,
    "total_particles_unmodified": 991360,
    "signatures_detected": 0,
    "avg_multiplicity_modified": 969.078,
    "avg_multiplicity_unmodified": 991.36,
    "forbidden_breakdown_modified": {
      "very_forward": 21,
      "very_backward": 81,
      "impossible_kin": 0,
      "extreme_sideways": 1107
    },
    "forbidden_breakdown_unmodified": {
      "very_forward": 16,
      "very_backward": 101,
      "impossible_kin": 0,
      "extreme_sideways": 1237
    },
    "n_angular_samples_modified": 969078,
    "n_angular_samples_unmodified": 991360
  }
}