{
  "run_name": "run_4",
  "modified": {
    "n_events": 1000,
    "n_total_particles": 968108,
    "system_label": "Au+Au @ 10.0 GeV",
    "sqrt_s_NN": 10.0,
    "A1": 197,
    "Z1": 79,
    "A2": 197,
    "Z2": 79,
    "n_avg_per_event": 968.108,
    "n_std_per_event": 19.102521718349124,
    "pt": {
      "mean": 0.4620722532272339,
      "std": 0.35254859924316406,
      "median": 0.3669373393058777,
      "min": 0.0003255242481827736,
      "max": 3.8142096996307373
    },
    "y": {
      "mean": -0.0003318374801892787,
      "std": 0.86436927318573,
      "median": -0.0009869833011180162,
      "min": -3.7325479984283447,
      "max": 3.5317938327789307
    },
    "eta": {
      "mean": -0.0007989248260855675,
      "std": 1.3430297374725342,
      "median": -0.0014023480471223593,
      "min": -8.209738731384277,
      "max": 7.653641223907471
    },
    "theta_deg": {
      "mean": 90.03964233398438,
      "std": 49.734249114990234
    },
    "phi_deg": {
      "mean": 180.1001739501953,
      "std": 103.93301391601562
    }
  },
  "unmodified": {
    "n_events": 1000,
    "n_total_particles": 990187,
    "system_label": "Au+Au @ 10.0 GeV",
    "sqrt_s_NN": 10.0,
    "A1": 197,
    "Z1": 79,
    "A2": 197,
    "Z2": 79,
    "n_avg_per_event": 990.187,
    "n_std_per_event": 19.263437673478737,
    "pt": {
      "mean": 0.46926912665367126,
      "std": 0.3544022738933563,
      "median": 0.37442266941070557,
      "min": 0.00010722807928686962,
      "max": 3.609320878982544
    },
    "y": {
      "mean": -0.0002651230024639517,
      "std": 0.8454087376594543,
      "median": -0.00019849305681418628,
      "min": -3.6689417362213135,
      "max": 3.537163734436035
    },
    "eta": {
      "mean": -0.0009586921660229564,
      "std": 1.2625393867492676,
      "median": -0.00029678712598979473,
      "min": -9.536110877990723,
      "max": 7.691065311431885
    },
    "theta_deg": {
      "mean": 90.01715087890625,
      "std": 48.81665802001953
    },
    "phi_deg": {
      "mean": 179.9532470703125,
      "std": 103.93107604980469
    }
  },
  "cumulative": {
    "total_events_modified": 1000,
    "total_events_unmodified": 1000,
    "total_particles_modified": 968108,
    "total_particles_unmodified": 990187,
    "signatures_detected": 0,
    "avg_multiplicity_modified": 968.108,
    "avg_multiplicity_unmodified": 990.187,
    "forbidden_breakdown_modified": {
      "very_forward": 20,
      "very_backward": 84,
      "impossible_kin": 0,
      "extreme_sideways": 1117
    },
    "forbidden_breakdown_unmodified": {
      "very_forward": 16,
      "very_backward": 72,
      "impossible_kin": 0,
      "extreme_sideways": 1206
    },
    "n_angular_samples_modified": 968108,
    "n_angular_samples_unmodified": 990187
  }
}