{
  "run_name": "run_8",
  "modified": {
    "n_events": 1000,
    "n_total_particles": 442464,
    "system_label": "Xe-129+Au-197 @ 3.0 GeV",
    "sqrt_s_NN": 3.0,
    "A1": 129,
    "Z1": 54,
    "A2": 197,
    "Z2": 79,
    "n_avg_per_event": 442.464,
    "n_std_per_event": 19.22437785729359,
    "pt": {
      "mean": 0.44149792194366455,
      "std": 0.31818804144859314,
      "median": 0.36506760120391846,
      "min": 0.00033889757469296455,
      "max": 2.785583019256592
    },
    "y": {
      "mean": -0.1715104579925537,
      "std": 0.7076740264892578,
      "median": -0.2036180943250656,
      "min": -3.0346643924713135,
      "max": 2.871154308319092
    },
    "eta": {
      "mean": -0.36655092239379883,
      "std": 1.474076509475708,
      "median": -0.3426513373851776,
      "min": -7.883857250213623,
      "max": 8.938214302062988
    },
    "theta_deg": {
      "mean": 102.80841064453125,
      "std": 52.125038146972656
    },
    "phi_deg": {
      "mean": 180.08657836914062,
      "std": 103.8180160522461
    }
  },
  "unmodified": {
    "n_events": 1000,
    "n_total_particles": 443812,
    "system_label": "Xe-129+Au-197 @ 3.0 GeV",
    "sqrt_s_NN": 3.0,
    "A1": 129,
    "Z1": 54,
    "A2": 197,
    "Z2": 79,
    "n_avg_per_event": 443.812,
    "n_std_per_event": 18.738160421983796,
    "pt": {
      "mean": 0.4433519244194031,
      "std": 0.3178398013114929,
      "median": 0.3684411644935608,
      "min": 0.00048672343837097287,
      "max": 3.207604169845581
    },
    "y": {
      "mean": -0.1707027703523636,
      "std": 0.7050668597221375,
      "median": -0.2043401002883911,
      "min": -2.85734486579895,
      "max": 2.9759035110473633
    },
    "eta": {
      "mean": -0.35858258605003357,
      "std": 1.4572248458862305,
      "median": -0.343820720911026,
      "min": -8.193221092224121,
      "max": 6.803414344787598
    },
    "theta_deg": {
      "mean": 102.74065399169922,
      "std": 51.88400650024414
    },
    "phi_deg": {
      "mean": 180.18373107910156,
      "std": 103.87738800048828
    }
  },
  "cumulative": {
    "total_events_modified": 1000,
    "total_events_unmodified": 1000,
    "total_particles_modified": 442464,
    "total_particles_unmodified": 443812,
    "signatures_detected": 0,
    "avg_multiplicity_modified": 442.464,
    "avg_multiplicity_unmodified": 443.812,
    "forbidden_breakdown_modified": {
      "very_forward": 0,
      "very_backward": 1,
      "impossible_kin": 0,
      "extreme_sideways": 308
    },
    "forbidden_breakdown_unmodified": {
      "very_forward": 0,
      "very_backward": 0,
      "impossible_kin": 0,
      "extreme_sideways": 315
    },
    "total_forbidden_modified": 309,
    "total_forbidden_unmodified": 315,
    "n_angular_samples_modified": 442464,
    "n_angular_samples_unmodified": 443812
  }
}