{
  "run_name": "run_4",
  "modified": {
    "n_events": 1000,
    "n_total_particles": 443890,
    "system_label": "Xe-129+Au-197 @ 3.0 GeV",
    "sqrt_s_NN": 3.0,
    "A1": 129,
    "Z1": 54,
    "A2": 197,
    "Z2": 79,
    "n_avg_per_event": 443.89,
    "n_std_per_event": 18.695504807305955,
    "pt": {
      "mean": 0.44022470712661743,
      "std": 0.31689882278442383,
      "median": 0.3643495440483093,
      "min": 0.0006503720651380718,
      "max": 2.9759654998779297
    },
    "y": {
      "mean": -0.1713687926530838,
      "std": 0.7079111337661743,
      "median": -0.2061203122138977,
      "min": -2.941863775253296,
      "max": 3.0431385040283203
    },
    "eta": {
      "mean": -0.3621536195278168,
      "std": 1.4713222980499268,
      "median": -0.3471120595932007,
      "min": -8.292390823364258,
      "max": 8.225129127502441
    },
    "theta_deg": {
      "mean": 102.79501342773438,
      "std": 52.08498764038086
    },
    "phi_deg": {
      "mean": 180.0667266845703,
      "std": 103.91832733154297
    }
  },
  "unmodified": {
    "n_events": 1000,
    "n_total_particles": 443750,
    "system_label": "Xe-129+Au-197 @ 3.0 GeV",
    "sqrt_s_NN": 3.0,
    "A1": 129,
    "Z1": 54,
    "A2": 197,
    "Z2": 79,
    "n_avg_per_event": 443.75,
    "n_std_per_event": 18.611542117728987,
    "pt": {
      "mean": 0.4422159194946289,
      "std": 0.3172164261341095,
      "median": 0.366956889629364,
      "min": 0.0006659783539362252,
      "max": 2.9608511924743652
    },
    "y": {
      "mean": -0.17040184140205383,
      "std": 0.7061132192611694,
      "median": -0.2050672173500061,
      "min": -3.2963645458221436,
      "max": 2.7872555255889893
    },
    "eta": {
      "mean": -0.3594384491443634,
      "std": 1.4592560529708862,
      "median": -0.3460351824760437,
      "min": -7.878178596496582,
      "max": 8.179856300354004
    },
    "theta_deg": {
      "mean": 102.73234558105469,
      "std": 51.94878005981445
    },
    "phi_deg": {
      "mean": 180.1030731201172,
      "std": 103.72808837890625
    }
  },
  "cumulative": {
    "total_events_modified": 1000,
    "total_events_unmodified": 1000,
    "total_particles_modified": 443890,
    "total_particles_unmodified": 443750,
    "signatures_detected": 0,
    "avg_multiplicity_modified": 443.89,
    "avg_multiplicity_unmodified": 443.75,
    "forbidden_breakdown_modified": {
      "very_forward": 0,
      "very_backward": 3,
      "impossible_kin": 0,
      "extreme_sideways": 305
    },
    "forbidden_breakdown_unmodified": {
      "very_forward": 0,
      "very_backward": 0,
      "impossible_kin": 0,
      "extreme_sideways": 311
    },
    "total_forbidden_modified": 308,
    "total_forbidden_unmodified": 311,
    "n_angular_samples_modified": 443890,
    "n_angular_samples_unmodified": 443750
  }
}