{
  "run_name": "run_1",
  "modified": {
    "n_events": 1000,
    "n_total_particles": 443851,
    "system_label": "Xe-129+Au-197 @ 3.0 GeV",
    "sqrt_s_NN": 3.0,
    "A1": 129,
    "Z1": 54,
    "A2": 197,
    "Z2": 79,
    "n_avg_per_event": 443.851,
    "n_std_per_event": 18.348482198808707,
    "pt": {
      "mean": 0.4402060806751251,
      "std": 0.3163326382637024,
      "median": 0.36476799845695496,
      "min": 0.0001057553308783099,
      "max": 2.9502365589141846
    },
    "y": {
      "mean": -0.17096522450447083,
      "std": 0.7079617977142334,
      "median": -0.20413699746131897,
      "min": -3.030715227127075,
      "max": 2.850191116333008
    },
    "eta": {
      "mean": -0.3659100830554962,
      "std": 1.4708364009857178,
      "median": -0.34434616565704346,
      "min": -8.768708229064941,
      "max": 7.505513668060303
    },
    "theta_deg": {
      "mean": 102.79676055908203,
      "std": 52.07814025878906
    },
    "phi_deg": {
      "mean": 179.959716796875,
      "std": 103.7603988647461
    }
  },
  "unmodified": {
    "n_events": 1000,
    "n_total_particles": 444483,
    "system_label": "Xe-129+Au-197 @ 3.0 GeV",
    "sqrt_s_NN": 3.0,
    "A1": 129,
    "Z1": 54,
    "A2": 197,
    "Z2": 79,
    "n_avg_per_event": 444.483,
    "n_std_per_event": 18.78141930206554,
    "pt": {
      "mean": 0.4435672461986542,
      "std": 0.31663498282432556,
      "median": 0.369038850069046,
      "min": 0.0007650972111150622,
      "max": 2.8727030754089355
    },
    "y": {
      "mean": -0.1704050451517105,
      "std": 0.70365971326828,
      "median": -0.20563140511512756,
      "min": -3.0219616889953613,
      "max": 3.0339653491973877
    },
    "eta": {
      "mean": -0.3561362028121948,
      "std": 1.4504280090332031,
      "median": -0.3451945185661316,
      "min": -7.785980224609375,
      "max": 7.522071838378906
    },
    "theta_deg": {
      "mean": 102.69557189941406,
      "std": 51.75951385498047
    },
    "phi_deg": {
      "mean": 180.25198364257812,
      "std": 103.80036163330078
    }
  },
  "cumulative": {
    "total_events_modified": 1000,
    "total_events_unmodified": 1000,
    "total_particles_modified": 443851,
    "total_particles_unmodified": 444483,
    "signatures_detected": 0,
    "avg_multiplicity_modified": 443.851,
    "avg_multiplicity_unmodified": 444.483,
    "forbidden_breakdown_modified": {
      "very_forward": 0,
      "very_backward": 4,
      "impossible_kin": 0,
      "extreme_sideways": 288
    },
    "forbidden_breakdown_unmodified": {
      "very_forward": 1,
      "very_backward": 3,
      "impossible_kin": 0,
      "extreme_sideways": 306
    },
    "total_forbidden_modified": 292,
    "total_forbidden_unmodified": 310,
    "n_angular_samples_modified": 443851,
    "n_angular_samples_unmodified": 444483
  }
}