{
  "run_name": "run_10",
  "modified": {
    "n_events": 1000,
    "n_total_particles": 442994,
    "system_label": "Xe-129+Au-197 @ 3.0 GeV",
    "sqrt_s_NN": 3.0,
    "A1": 129,
    "Z1": 54,
    "A2": 197,
    "Z2": 79,
    "n_avg_per_event": 442.994,
    "n_std_per_event": 18.879723620858435,
    "pt": {
      "mean": 0.4385553300380707,
      "std": 0.31639453768730164,
      "median": 0.3627138137817383,
      "min": 0.0006343177519738674,
      "max": 2.943877696990967
    },
    "y": {
      "mean": -0.17069661617279053,
      "std": 0.7092902064323425,
      "median": -0.2051381766796112,
      "min": -2.952819585800171,
      "max": 3.050260066986084
    },
    "eta": {
      "mean": -0.3678358197212219,
      "std": 1.4815657138824463,
      "median": -0.34540218114852905,
      "min": -8.362382888793945,
      "max": 7.34492301940918
    },
    "theta_deg": {
      "mean": 102.79486846923828,
      "std": 52.28380584716797
    },
    "phi_deg": {
      "mean": 180.259521484375,
      "std": 103.83421325683594
    }
  },
  "unmodified": {
    "n_events": 1000,
    "n_total_particles": 443880,
    "system_label": "Xe-129+Au-197 @ 3.0 GeV",
    "sqrt_s_NN": 3.0,
    "A1": 129,
    "Z1": 54,
    "A2": 197,
    "Z2": 79,
    "n_avg_per_event": 443.88,
    "n_std_per_event": 19.107108624802446,
    "pt": {
      "mean": 0.44319453835487366,
      "std": 0.3171427249908447,
      "median": 0.36832040548324585,
      "min": 0.00040879915468394756,
      "max": 3.386000871658325
    },
    "y": {
      "mean": -0.17068646848201752,
      "std": 0.7042800188064575,
      "median": -0.20597773790359497,
      "min": -3.123872995376587,
      "max": 2.9242851734161377
    },
    "eta": {
      "mean": -0.35746532678604126,
      "std": 1.4567785263061523,
      "median": -0.34661003947257996,
      "min": -7.887979030609131,
      "max": 8.027556419372559
    },
    "theta_deg": {
      "mean": 102.73622131347656,
      "std": 51.84592056274414
    },
    "phi_deg": {
      "mean": 179.9530487060547,
      "std": 103.85175323486328
    }
  },
  "cumulative": {
    "total_events_modified": 1000,
    "total_events_unmodified": 1000,
    "total_particles_modified": 442994,
    "total_particles_unmodified": 443880,
    "signatures_detected": 0,
    "avg_multiplicity_modified": 442.994,
    "avg_multiplicity_unmodified": 443.88,
    "forbidden_breakdown_modified": {
      "very_forward": 1,
      "very_backward": 1,
      "impossible_kin": 0,
      "extreme_sideways": 270
    },
    "forbidden_breakdown_unmodified": {
      "very_forward": 1,
      "very_backward": 1,
      "impossible_kin": 0,
      "extreme_sideways": 305
    },
    "total_forbidden_modified": 272,
    "total_forbidden_unmodified": 307,
    "n_angular_samples_modified": 442994,
    "n_angular_samples_unmodified": 443880
  }
}