{
  "run_name": "run_6",
  "modified": {
    "n_events": 1000,
    "n_total_particles": 443194,
    "system_label": "Xe-129+Au-197 @ 3.0 GeV",
    "sqrt_s_NN": 3.0,
    "A1": 129,
    "Z1": 54,
    "A2": 197,
    "Z2": 79,
    "n_avg_per_event": 443.194,
    "n_std_per_event": 18.736604921916882,
    "pt": {
      "mean": 0.4392405152320862,
      "std": 0.3171119689941406,
      "median": 0.3633524179458618,
      "min": 0.00046639973879791796,
      "max": 3.0827138423919678
    },
    "y": {
      "mean": -0.17150002717971802,
      "std": 0.7086734771728516,
      "median": -0.2060312032699585,
      "min": -3.0854923725128174,
      "max": 3.2461097240448
    },
    "eta": {
      "mean": -0.3689424693584442,
      "std": 1.4772592782974243,
      "median": -0.3455466032028198,
      "min": -8.371100425720215,
      "max": 8.712530136108398
    },
    "theta_deg": {
      "mean": 102.83440399169922,
      "std": 52.186397552490234
    },
    "phi_deg": {
      "mean": 179.9267120361328,
      "std": 103.77944946289062
    }
  },
  "unmodified": {
    "n_events": 1000,
    "n_total_particles": 443599,
    "system_label": "Xe-129+Au-197 @ 3.0 GeV",
    "sqrt_s_NN": 3.0,
    "A1": 129,
    "Z1": 54,
    "A2": 197,
    "Z2": 79,
    "n_avg_per_event": 443.599,
    "n_std_per_event": 18.218951643824077,
    "pt": {
      "mean": 0.4427812397480011,
      "std": 0.31678810715675354,
      "median": 0.36828988790512085,
      "min": 0.0007261661812663078,
      "max": 2.775103807449341
    },
    "y": {
      "mean": -0.17072217166423798,
      "std": 0.7063277959823608,
      "median": -0.20625022053718567,
      "min": -3.069385051727295,
      "max": 3.1835896968841553
    },
    "eta": {
      "mean": -0.35593104362487793,
      "std": 1.4589489698410034,
      "median": -0.3479737341403961,
      "min": -7.9807939529418945,
      "max": 7.204608917236328
    },
    "theta_deg": {
      "mean": 102.72774505615234,
      "std": 51.93305206298828
    },
    "phi_deg": {
      "mean": 180.08328247070312,
      "std": 103.81117248535156
    }
  },
  "cumulative": {
    "total_events_modified": 1000,
    "total_events_unmodified": 1000,
    "total_particles_modified": 443194,
    "total_particles_unmodified": 443599,
    "signatures_detected": 1,
    "avg_multiplicity_modified": 443.194,
    "avg_multiplicity_unmodified": 443.599,
    "forbidden_breakdown_modified": {
      "very_forward": 0,
      "very_backward": 1,
      "impossible_kin": 0,
      "extreme_sideways": 311
    },
    "forbidden_breakdown_unmodified": {
      "very_forward": 0,
      "very_backward": 0,
      "impossible_kin": 0,
      "extreme_sideways": 278
    },
    "total_forbidden_modified": 312,
    "total_forbidden_unmodified": 278,
    "n_angular_samples_modified": 443194,
    "n_angular_samples_unmodified": 443599
  }
}