{
  "run_name": "run_9",
  "modified": {
    "n_events": 1000,
    "n_total_particles": 443021,
    "system_label": "Xe-129+Au-197 @ 3.0 GeV",
    "sqrt_s_NN": 3.0,
    "A1": 129,
    "Z1": 54,
    "A2": 197,
    "Z2": 79,
    "n_avg_per_event": 443.021,
    "n_std_per_event": 18.393437933132567,
    "pt": {
      "mean": 0.4405059814453125,
      "std": 0.3175349235534668,
      "median": 0.3648749589920044,
      "min": 0.0005386968841776252,
      "max": 2.898007392883301
    },
    "y": {
      "mean": -0.17054952681064606,
      "std": 0.7083529829978943,
      "median": -0.20393449068069458,
      "min": -2.919135332107544,
      "max": 3.061636209487915
    },
    "eta": {
      "mean": -0.3679559528827667,
      "std": 1.4740782976150513,
      "median": -0.3421902358531952,
      "min": -8.53711223602295,
      "max": 7.637445449829102
    },
    "theta_deg": {
      "mean": 102.77385711669922,
      "std": 52.1728401184082
    },
    "phi_deg": {
      "mean": 179.91656494140625,
      "std": 103.80653381347656
    }
  },
  "unmodified": {
    "n_events": 1000,
    "n_total_particles": 443265,
    "system_label": "Xe-129+Au-197 @ 3.0 GeV",
    "sqrt_s_NN": 3.0,
    "A1": 129,
    "Z1": 54,
    "A2": 197,
    "Z2": 79,
    "n_avg_per_event": 443.265,
    "n_std_per_event": 18.624574491783697,
    "pt": {
      "mean": 0.44300195574760437,
      "std": 0.3167015612125397,
      "median": 0.3687208890914917,
      "min": 0.000424885016400367,
      "max": 2.7898643016815186
    },
    "y": {
      "mean": -0.1705639511346817,
      "std": 0.7063081860542297,
      "median": -0.20734478533267975,
      "min": -2.942376136779785,
      "max": 2.9660253524780273
    },
    "eta": {
      "mean": -0.36006343364715576,
      "std": 1.4580590724945068,
      "median": -0.3460659384727478,
      "min": -7.620809555053711,
      "max": 8.845808982849121
    },
    "theta_deg": {
      "mean": 102.76519775390625,
      "std": 51.944557189941406
    },
    "phi_deg": {
      "mean": 179.9374542236328,
      "std": 103.85038757324219
    }
  },
  "cumulative": {
    "total_events_modified": 1000,
    "total_events_unmodified": 1000,
    "total_particles_modified": 443021,
    "total_particles_unmodified": 443265,
    "signatures_detected": 1,
    "avg_multiplicity_modified": 443.021,
    "avg_multiplicity_unmodified": 443.265,
    "forbidden_breakdown_modified": {
      "very_forward": 0,
      "very_backward": 3,
      "impossible_kin": 0,
      "extreme_sideways": 316
    },
    "forbidden_breakdown_unmodified": {
      "very_forward": 0,
      "very_backward": 0,
      "impossible_kin": 0,
      "extreme_sideways": 300
    },
    "total_forbidden_modified": 319,
    "total_forbidden_unmodified": 300,
    "n_angular_samples_modified": 443021,
    "n_angular_samples_unmodified": 443265
  }
}