{
  "run_name": "run_7",
  "modified": {
    "n_events": 1000,
    "n_total_particles": 394627,
    "system_label": "Xe-129+Au-197 @ 2.0 GeV",
    "sqrt_s_NN": 2.0,
    "A1": 129,
    "Z1": 54,
    "A2": 197,
    "Z2": 79,
    "n_avg_per_event": 394.627,
    "n_std_per_event": 11.352262814082485,
    "pt": {
      "mean": 0.4244019389152527,
      "std": 0.2933432459831238,
      "median": 0.35994938015937805,
      "min": 0.0008602533489465714,
      "max": 3.522521495819092
    },
    "y": {
      "mean": 0.891997754573822,
      "std": 0.6208971738815308,
      "median": 0.9319695234298706,
      "min": -2.083547353744507,
      "max": 3.4036738872528076
    },
    "eta": {
      "mean": 1.5390045642852783,
      "std": 1.2379786968231201,
      "median": 1.498598337173462,
      "min": -6.02683687210083,
      "max": 7.797178745269775
    },
    "theta_deg": {
      "mean": 36.80735778808594,
      "std": 35.20339584350586
    },
    "phi_deg": {
      "mean": 180.0955810546875,
      "std": 103.71138000488281
    }
  },
  "unmodified": {
    "n_events": 1000,
    "n_total_particles": 394719,
    "system_label": "Xe-129+Au-197 @ 2.0 GeV",
    "sqrt_s_NN": 2.0,
    "A1": 129,
    "Z1": 54,
    "A2": 197,
    "Z2": 79,
    "n_avg_per_event": 394.719,
    "n_std_per_event": 12.395565295701523,
    "pt": {
      "mean": 0.4273351728916168,
      "std": 0.2938418686389923,
      "median": 0.3636466860771179,
      "min": 0.000876800564583391,
      "max": 2.5042166709899902
    },
    "y": {
      "mean": 0.8921571969985962,
      "std": 0.618303656578064,
      "median": 0.9334247708320618,
      "min": -2.0210134983062744,
      "max": 3.434330701828003
    },
    "eta": {
      "mean": 1.529356598854065,
      "std": 1.2224957942962646,
      "median": 1.4957420825958252,
      "min": -5.488500595092773,
      "max": 8.977606773376465
    },
    "theta_deg": {
      "mean": 36.813087463378906,
      "std": 35.128265380859375
    },
    "phi_deg": {
      "mean": 179.84408569335938,
      "std": 103.59819793701172
    }
  },
  "cumulative": {
    "total_events_modified": 1000,
    "total_events_unmodified": 1000,
    "total_particles_modified": 394627,
    "total_particles_unmodified": 394719,
    "signatures_detected": 0,
    "avg_multiplicity_modified": 394.627,
    "avg_multiplicity_unmodified": 394.719,
    "forbidden_breakdown_modified": {
      "very_forward": 490,
      "very_backward": 0,
      "impossible_kin": 0,
      "extreme_sideways": 12
    },
    "forbidden_breakdown_unmodified": {
      "very_forward": 477,
      "very_backward": 0,
      "impossible_kin": 0,
      "extreme_sideways": 13
    },
    "total_forbidden_modified": 502,
    "total_forbidden_unmodified": 490,
    "n_angular_samples_modified": 394627,
    "n_angular_samples_unmodified": 394719
  }
}