{
  "run_name": "run_5",
  "modified": {
    "n_events": 1000,
    "n_total_particles": 394538,
    "system_label": "Xe-129+Au-197 @ 2.0 GeV",
    "sqrt_s_NN": 2.0,
    "A1": 129,
    "Z1": 54,
    "A2": 197,
    "Z2": 79,
    "n_avg_per_event": 394.538,
    "n_std_per_event": 11.60795227419548,
    "pt": {
      "mean": 0.4242183268070221,
      "std": 0.2923831045627594,
      "median": 0.361072838306427,
      "min": 0.0006465615588240325,
      "max": 2.6429386138916016
    },
    "y": {
      "mean": 1.6932389736175537,
      "std": 0.6213619112968445,
      "median": 1.653042197227478,
      "min": -1.1477299928665161,
      "max": 4.791472434997559
    },
    "eta": {
      "mean": 2.5900771617889404,
      "std": 0.8748680353164673,
      "median": 2.4769411087036133,
      "min": -3.071439266204834,
      "max": 9.191922187805176
    },
    "theta_deg": {
      "mean": 11.692367553710938,
      "std": 9.626460075378418
    },
    "phi_deg": {
      "mean": 179.96298217773438,
      "std": 103.66185760498047
    }
  },
  "unmodified": {
    "n_events": 1000,
    "n_total_particles": 394658,
    "system_label": "Xe-129+Au-197 @ 2.0 GeV",
    "sqrt_s_NN": 2.0,
    "A1": 129,
    "Z1": 54,
    "A2": 197,
    "Z2": 79,
    "n_avg_per_event": 394.658,
    "n_std_per_event": 12.544123564442435,
    "pt": {
      "mean": 0.4286500811576843,
      "std": 0.29352065920829773,
      "median": 0.36537835001945496,
      "min": 0.000715490197762847,
      "max": 2.708329916000366
    },
    "y": {
      "mean": 1.692797303199768,
      "std": 0.6174532175064087,
      "median": 1.652707815170288,
      "min": -0.9486437439918518,
      "max": 4.558419227600098
    },
    "eta": {
      "mean": 2.5776190757751465,
      "std": 0.8710800409317017,
      "median": 2.4640603065490723,
      "min": -2.4277942180633545,
      "max": 9.515938758850098
    },
    "theta_deg": {
      "mean": 11.811753273010254,
      "std": 9.708990097045898
    },
    "phi_deg": {
      "mean": 179.99305725097656,
      "std": 103.48031616210938
    }
  },
  "cumulative": {
    "total_events_modified": 1000,
    "total_events_unmodified": 1000,
    "total_particles_modified": 394538,
    "total_particles_unmodified": 394658,
    "signatures_detected": 0,
    "avg_multiplicity_modified": 394.538,
    "avg_multiplicity_unmodified": 394.658,
    "forbidden_breakdown_modified": {
      "very_forward": 6240,
      "very_backward": 0,
      "impossible_kin": 0,
      "extreme_sideways": 0
    },
    "forbidden_breakdown_unmodified": {
      "very_forward": 5941,
      "very_backward": 0,
      "impossible_kin": 0,
      "extreme_sideways": 0
    },
    "total_forbidden_modified": 6240,
    "total_forbidden_unmodified": 5941,
    "n_angular_samples_modified": 394538,
    "n_angular_samples_unmodified": 394658
  }
}