{
  "run_name": "run_8",
  "modified": {
    "n_events": 1000,
    "n_total_particles": 393896,
    "system_label": "Xe-129+Au-197 @ 2.0 GeV",
    "sqrt_s_NN": 2.0,
    "A1": 129,
    "Z1": 54,
    "A2": 197,
    "Z2": 79,
    "n_avg_per_event": 393.896,
    "n_std_per_event": 11.849100556582343,
    "pt": {
      "mean": 0.423422634601593,
      "std": 0.29309776425361633,
      "median": 0.3591480255126953,
      "min": 0.0008419090299867094,
      "max": 2.747389316558838
    },
    "y": {
      "mean": 1.69242262840271,
      "std": 0.6231981515884399,
      "median": 1.6471314430236816,
      "min": -0.7187415957450867,
      "max": 4.508869647979736
    },
    "eta": {
      "mean": 2.594167709350586,
      "std": 0.9004974365234375,
      "median": 2.4690046310424805,
      "min": -2.52414608001709,
      "max": 9.69139575958252
    },
    "theta_deg": {
      "mean": 11.779561996459961,
      "std": 9.771489143371582
    },
    "phi_deg": {
      "mean": 179.75149536132812,
      "std": 103.539794921875
    }
  },
  "unmodified": {
    "n_events": 1000,
    "n_total_particles": 394114,
    "system_label": "Xe-129+Au-197 @ 2.0 GeV",
    "sqrt_s_NN": 2.0,
    "A1": 129,
    "Z1": 54,
    "A2": 197,
    "Z2": 79,
    "n_avg_per_event": 394.114,
    "n_std_per_event": 11.696452624620852,
    "pt": {
      "mean": 0.4257451593875885,
      "std": 0.2930155098438263,
      "median": 0.3612591624259949,
      "min": 0.00042175932321697474,
      "max": 2.909101963043213
    },
    "y": {
      "mean": 1.6926571130752563,
      "std": 0.6200734376907349,
      "median": 1.6520988941192627,
      "min": -1.3459867238998413,
      "max": 4.538971424102783
    },
    "eta": {
      "mean": 2.586021661758423,
      "std": 0.8754749894142151,
      "median": 2.47025728225708,
      "min": -2.3032736778259277,
      "max": 9.071060180664062
    },
    "theta_deg": {
      "mean": 11.737173080444336,
      "std": 9.604976654052734
    },
    "phi_deg": {
      "mean": 179.88754272460938,
      "std": 103.60607147216797
    }
  },
  "cumulative": {
    "total_events_modified": 1000,
    "total_events_unmodified": 1000,
    "total_particles_modified": 393896,
    "total_particles_unmodified": 394114,
    "signatures_detected": 1,
    "avg_multiplicity_modified": 393.896,
    "avg_multiplicity_unmodified": 394.114,
    "forbidden_breakdown_modified": {
      "very_forward": 7360,
      "very_backward": 0,
      "impossible_kin": 0,
      "extreme_sideways": 0
    },
    "forbidden_breakdown_unmodified": {
      "very_forward": 6255,
      "very_backward": 0,
      "impossible_kin": 0,
      "extreme_sideways": 0
    },
    "total_forbidden_modified": 7360,
    "total_forbidden_unmodified": 6255,
    "n_angular_samples_modified": 393896,
    "n_angular_samples_unmodified": 394114
  }
}