{
  "run_name": "run_9",
  "modified": {
    "n_events": 1000,
    "n_total_particles": 393696,
    "system_label": "Xe-129+Au-197 @ 2.0 GeV",
    "sqrt_s_NN": 2.0,
    "A1": 129,
    "Z1": 54,
    "A2": 197,
    "Z2": 79,
    "n_avg_per_event": 393.696,
    "n_std_per_event": 12.182757651697747,
    "pt": {
      "mean": 0.4229106307029724,
      "std": 0.29190531373023987,
      "median": 0.3580748438835144,
      "min": 0.000602771295234561,
      "max": 2.775585174560547
    },
    "y": {
      "mean": 0.8920373916625977,
      "std": 0.6237475275993347,
      "median": 0.9332159757614136,
      "min": -1.8943746089935303,
      "max": 3.4767391681671143
    },
    "eta": {
      "mean": 1.537782907485962,
      "std": 1.2439372539520264,
      "median": 1.4985333681106567,
      "min": -5.559537887573242,
      "max": 8.428597450256348
    },
    "theta_deg": {
      "mean": 36.95753860473633,
      "std": 35.54417037963867
    },
    "phi_deg": {
      "mean": 180.11355590820312,
      "std": 103.62348175048828
    }
  },
  "unmodified": {
    "n_events": 1000,
    "n_total_particles": 393768,
    "system_label": "Xe-129+Au-197 @ 2.0 GeV",
    "sqrt_s_NN": 2.0,
    "A1": 129,
    "Z1": 54,
    "A2": 197,
    "Z2": 79,
    "n_avg_per_event": 393.768,
    "n_std_per_event": 11.534130916545035,
    "pt": {
      "mean": 0.42569541931152344,
      "std": 0.2922530770301819,
      "median": 0.36214765906333923,
      "min": 0.00019765800971072167,
      "max": 2.9474265575408936
    },
    "y": {
      "mean": 0.891859769821167,
      "std": 0.6209946870803833,
      "median": 0.9320152997970581,
      "min": -2.1369619369506836,
      "max": 3.591432571411133
    },
    "eta": {
      "mean": 1.5327311754226685,
      "std": 1.2292085886001587,
      "median": 1.4988856315612793,
      "min": -5.611254692077637,
      "max": 10.270855903625488
    },
    "theta_deg": {
      "mean": 36.84489822387695,
      "std": 35.26150894165039
    },
    "phi_deg": {
      "mean": 179.90565490722656,
      "std": 103.5811996459961
    }
  },
  "cumulative": {
    "total_events_modified": 1000,
    "total_events_unmodified": 1000,
    "total_particles_modified": 393696,
    "total_particles_unmodified": 393768,
    "signatures_detected": 0,
    "avg_multiplicity_modified": 393.696,
    "avg_multiplicity_unmodified": 393.768,
    "forbidden_breakdown_modified": {
      "very_forward": 484,
      "very_backward": 0,
      "impossible_kin": 0,
      "extreme_sideways": 11
    },
    "forbidden_breakdown_unmodified": {
      "very_forward": 504,
      "very_backward": 0,
      "impossible_kin": 0,
      "extreme_sideways": 11
    },
    "total_forbidden_modified": 495,
    "total_forbidden_unmodified": 515,
    "n_angular_samples_modified": 393696,
    "n_angular_samples_unmodified": 393768
  }
}