{
  "run_name": "run_5",
  "modified": {
    "n_events": 1000,
    "n_total_particles": 393444,
    "system_label": "Xe-129+Au-197 @ 2.0 GeV",
    "sqrt_s_NN": 2.0,
    "A1": 129,
    "Z1": 54,
    "A2": 197,
    "Z2": 79,
    "n_avg_per_event": 393.444,
    "n_std_per_event": 11.466859378225584,
    "pt": {
      "mean": 0.4178674817085266,
      "std": 0.2914336323738098,
      "median": 0.3523530960083008,
      "min": 0.00022288439504336566,
      "max": 2.7791101932525635
    },
    "y": {
      "mean": 0.892384946346283,
      "std": 0.6287384033203125,
      "median": 0.9364234209060669,
      "min": -1.8418498039245605,
      "max": 3.409972906112671
    },
    "eta": {
      "mean": 1.534443736076355,
      "std": 1.2695783376693726,
      "median": 1.5040295124053955,
      "min": -6.687392711639404,
      "max": 9.454212188720703
    },
    "theta_deg": {
      "mean": 37.353187561035156,
      "std": 36.52719497680664
    },
    "phi_deg": {
      "mean": 180.31463623046875,
      "std": 103.5515365600586
    }
  },
  "unmodified": {
    "n_events": 1000,
    "n_total_particles": 394658,
    "system_label": "Xe-129+Au-197 @ 2.0 GeV",
    "sqrt_s_NN": 2.0,
    "A1": 129,
    "Z1": 54,
    "A2": 197,
    "Z2": 79,
    "n_avg_per_event": 394.658,
    "n_std_per_event": 12.544123564442435,
    "pt": {
      "mean": 0.4286500811576843,
      "std": 0.29352065920829773,
      "median": 0.36537835001945496,
      "min": 0.000715490197762847,
      "max": 2.708329916000366
    },
    "y": {
      "mean": 0.8922638893127441,
      "std": 0.6174531579017639,
      "median": 0.9323533773422241,
      "min": -1.9734159708023071,
      "max": 3.5337228775024414
    },
    "eta": {
      "mean": 1.5286320447921753,
      "std": 1.2162641286849976,
      "median": 1.4953047037124634,
      "min": -6.613938331604004,
      "max": 8.965498924255371
    },
    "theta_deg": {
      "mean": 36.75658416748047,
      "std": 34.97395324707031
    },
    "phi_deg": {
      "mean": 179.99305725097656,
      "std": 103.48031616210938
    }
  },
  "cumulative": {
    "total_events_modified": 1000,
    "total_events_unmodified": 1000,
    "total_particles_modified": 393444,
    "total_particles_unmodified": 394658,
    "signatures_detected": 0,
    "avg_multiplicity_modified": 393.444,
    "avg_multiplicity_unmodified": 394.658,
    "forbidden_breakdown_modified": {
      "very_forward": 476,
      "very_backward": 0,
      "impossible_kin": 0,
      "extreme_sideways": 11
    },
    "forbidden_breakdown_unmodified": {
      "very_forward": 496,
      "very_backward": 0,
      "impossible_kin": 0,
      "extreme_sideways": 12
    },
    "total_forbidden_modified": 487,
    "total_forbidden_unmodified": 508,
    "n_angular_samples_modified": 393444,
    "n_angular_samples_unmodified": 394658
  }
}