{
  "run_name": "run_1",
  "modified": {
    "n_events": 1000,
    "n_total_particles": 393636,
    "system_label": "Xe-129+Au-197 @ 2.0 GeV",
    "sqrt_s_NN": 2.0,
    "A1": 129,
    "Z1": 54,
    "A2": 197,
    "Z2": 79,
    "n_avg_per_event": 393.636,
    "n_std_per_event": 11.743487727246963,
    "pt": {
      "mean": 0.419204980134964,
      "std": 0.29172483086586,
      "median": 0.3543206453323364,
      "min": 0.0005005185957998037,
      "max": 2.7147717475891113
    },
    "y": {
      "mean": 0.8919168710708618,
      "std": 0.6274575591087341,
      "median": 0.9376375675201416,
      "min": -1.9591994285583496,
      "max": 3.4803144931793213
    },
    "eta": {
      "mean": 1.5315059423446655,
      "std": 1.2649002075195312,
      "median": 1.507073163986206,
      "min": -6.652158260345459,
      "max": 8.796388626098633
    },
    "theta_deg": {
      "mean": 37.34299850463867,
      "std": 36.450233459472656
    },
    "phi_deg": {
      "mean": 179.9865264892578,
      "std": 103.56959533691406
    }
  },
  "unmodified": {
    "n_events": 1000,
    "n_total_particles": 394788,
    "system_label": "Xe-129+Au-197 @ 2.0 GeV",
    "sqrt_s_NN": 2.0,
    "A1": 129,
    "Z1": 54,
    "A2": 197,
    "Z2": 79,
    "n_avg_per_event": 394.788,
    "n_std_per_event": 11.671806029916707,
    "pt": {
      "mean": 0.42768552899360657,
      "std": 0.29406702518463135,
      "median": 0.36400192975997925,
      "min": 0.0007776704151183367,
      "max": 2.8226561546325684
    },
    "y": {
      "mean": 0.8919317126274109,
      "std": 0.6184607148170471,
      "median": 0.9322086572647095,
      "min": -2.199451208114624,
      "max": 3.4603207111358643
    },
    "eta": {
      "mean": 1.528128981590271,
      "std": 1.2204113006591797,
      "median": 1.495626449584961,
      "min": -6.127364635467529,
      "max": 8.45568561553955
    },
    "theta_deg": {
      "mean": 36.81446075439453,
      "std": 35.1424560546875
    },
    "phi_deg": {
      "mean": 179.96604919433594,
      "std": 103.58271789550781
    }
  },
  "cumulative": {
    "total_events_modified": 1000,
    "total_events_unmodified": 1000,
    "total_particles_modified": 393636,
    "total_particles_unmodified": 394788,
    "signatures_detected": 1,
    "avg_multiplicity_modified": 393.636,
    "avg_multiplicity_unmodified": 394.788,
    "forbidden_breakdown_modified": {
      "very_forward": 498,
      "very_backward": 0,
      "impossible_kin": 0,
      "extreme_sideways": 4
    },
    "forbidden_breakdown_unmodified": {
      "very_forward": 462,
      "very_backward": 0,
      "impossible_kin": 0,
      "extreme_sideways": 10
    },
    "total_forbidden_modified": 502,
    "total_forbidden_unmodified": 472,
    "n_angular_samples_modified": 393636,
    "n_angular_samples_unmodified": 394788
  }
}