{
  "run_name": "run_3",
  "modified": {
    "n_events": 1000,
    "n_total_particles": 393904,
    "system_label": "Xe-129+Au-197 @ 2.0 GeV",
    "sqrt_s_NN": 2.0,
    "A1": 129,
    "Z1": 54,
    "A2": 197,
    "Z2": 79,
    "n_avg_per_event": 393.904,
    "n_std_per_event": 11.680530124955801,
    "pt": {
      "mean": 0.419633686542511,
      "std": 0.29187020659446716,
      "median": 0.3533037304878235,
      "min": 0.0006294150953181088,
      "max": 2.566506862640381
    },
    "y": {
      "mean": 0.8917842507362366,
      "std": 0.6262292265892029,
      "median": 0.9377273917198181,
      "min": -2.064277172088623,
      "max": 3.4655399322509766
    },
    "eta": {
      "mean": 1.5287227630615234,
      "std": 1.2592382431030273,
      "median": 1.5040035247802734,
      "min": -6.141059875488281,
      "max": 8.499557495117188
    },
    "theta_deg": {
      "mean": 37.34159469604492,
      "std": 36.37938690185547
    },
    "phi_deg": {
      "mean": 180.228271484375,
      "std": 103.50340270996094
    }
  },
  "unmodified": {
    "n_events": 1000,
    "n_total_particles": 394378,
    "system_label": "Xe-129+Au-197 @ 2.0 GeV",
    "sqrt_s_NN": 2.0,
    "A1": 129,
    "Z1": 54,
    "A2": 197,
    "Z2": 79,
    "n_avg_per_event": 394.378,
    "n_std_per_event": 11.742023505341828,
    "pt": {
      "mean": 0.42704012989997864,
      "std": 0.2937292754650116,
      "median": 0.36308979988098145,
      "min": 0.000889380113221705,
      "max": 2.881645679473877
    },
    "y": {
      "mean": 0.8920046091079712,
      "std": 0.6190653443336487,
      "median": 0.9332910776138306,
      "min": -1.8323767185211182,
      "max": 3.4903981685638428
    },
    "eta": {
      "mean": 1.5295655727386475,
      "std": 1.2233765125274658,
      "median": 1.495898962020874,
      "min": -6.172505855560303,
      "max": 8.326878547668457
    },
    "theta_deg": {
      "mean": 36.826385498046875,
      "std": 35.16064453125
    },
    "phi_deg": {
      "mean": 179.9925079345703,
      "std": 103.68000793457031
    }
  },
  "cumulative": {
    "total_events_modified": 1000,
    "total_events_unmodified": 1000,
    "total_particles_modified": 393904,
    "total_particles_unmodified": 394378,
    "signatures_detected": 0,
    "avg_multiplicity_modified": 393.904,
    "avg_multiplicity_unmodified": 394.378,
    "forbidden_breakdown_modified": {
      "very_forward": 460,
      "very_backward": 0,
      "impossible_kin": 0,
      "extreme_sideways": 6
    },
    "forbidden_breakdown_unmodified": {
      "very_forward": 494,
      "very_backward": 0,
      "impossible_kin": 0,
      "extreme_sideways": 14
    },
    "total_forbidden_modified": 466,
    "total_forbidden_unmodified": 508,
    "n_angular_samples_modified": 393904,
    "n_angular_samples_unmodified": 394378
  }
}