{
  "run_name": "run_2",
  "modified": {
    "n_events": 1000,
    "n_total_particles": 393548,
    "system_label": "Xe-129+Au-197 @ 2.0 GeV",
    "sqrt_s_NN": 2.0,
    "A1": 129,
    "Z1": 54,
    "A2": 197,
    "Z2": 79,
    "n_avg_per_event": 393.548,
    "n_std_per_event": 11.976046760095754,
    "pt": {
      "mean": 0.42020532488822937,
      "std": 0.2917872369289398,
      "median": 0.35534894466400146,
      "min": 0.0008060373365879059,
      "max": 2.9811604022979736
    },
    "y": {
      "mean": 0.8922649025917053,
      "std": 0.6265586614608765,
      "median": 0.9367119669914246,
      "min": -2.1746883392333984,
      "max": 3.5421929359436035
    },
    "eta": {
      "mean": 1.5314545631408691,
      "std": 1.2595010995864868,
      "median": 1.503136396408081,
      "min": -5.5159807205200195,
      "max": 7.9144792556762695
    },
    "theta_deg": {
      "mean": 37.284385681152344,
      "std": 36.277671813964844
    },
    "phi_deg": {
      "mean": 180.1446990966797,
      "std": 103.6004867553711
    }
  },
  "unmodified": {
    "n_events": 1000,
    "n_total_particles": 394351,
    "system_label": "Xe-129+Au-197 @ 2.0 GeV",
    "sqrt_s_NN": 2.0,
    "A1": 129,
    "Z1": 54,
    "A2": 197,
    "Z2": 79,
    "n_avg_per_event": 394.351,
    "n_std_per_event": 11.871048774223784,
    "pt": {
      "mean": 0.4277259409427643,
      "std": 0.29346081614494324,
      "median": 0.36421334743499756,
      "min": 9.061944183486048e-06,
      "max": 2.51895809173584
    },
    "y": {
      "mean": 0.8920813202857971,
      "std": 0.6184581518173218,
      "median": 0.932877779006958,
      "min": -2.0057663917541504,
      "max": 3.7605438232421875
    },
    "eta": {
      "mean": 1.529044270515442,
      "std": 1.221360206604004,
      "median": 1.497238039970398,
      "min": -6.208639144897461,
      "max": 13.106332778930664
    },
    "theta_deg": {
      "mean": 36.805789947509766,
      "std": 35.13057327270508
    },
    "phi_deg": {
      "mean": 180.0460205078125,
      "std": 103.68123626708984
    }
  },
  "cumulative": {
    "total_events_modified": 1000,
    "total_events_unmodified": 1000,
    "total_particles_modified": 393548,
    "total_particles_unmodified": 394351,
    "signatures_detected": 0,
    "avg_multiplicity_modified": 393.548,
    "avg_multiplicity_unmodified": 394.351,
    "forbidden_breakdown_modified": {
      "very_forward": 484,
      "very_backward": 0,
      "impossible_kin": 0,
      "extreme_sideways": 12
    },
    "forbidden_breakdown_unmodified": {
      "very_forward": 484,
      "very_backward": 0,
      "impossible_kin": 0,
      "extreme_sideways": 8
    },
    "total_forbidden_modified": 496,
    "total_forbidden_unmodified": 492,
    "n_angular_samples_modified": 393548,
    "n_angular_samples_unmodified": 394351
  }
}