{
  "run_name": "run_4",
  "modified": {
    "n_events": 1000,
    "n_total_particles": 393767,
    "system_label": "Xe-129+Au-197 @ 2.0 GeV",
    "sqrt_s_NN": 2.0,
    "A1": 129,
    "Z1": 54,
    "A2": 197,
    "Z2": 79,
    "n_avg_per_event": 393.767,
    "n_std_per_event": 11.803419462172815,
    "pt": {
      "mean": 0.4186212122440338,
      "std": 0.2912096679210663,
      "median": 0.3534627854824066,
      "min": 0.0004747946804855019,
      "max": 2.602534532546997
    },
    "y": {
      "mean": 0.8928192853927612,
      "std": 0.6270729899406433,
      "median": 0.9374158382415771,
      "min": -1.816690444946289,
      "max": 3.4175965785980225
    },
    "eta": {
      "mean": 1.5341018438339233,
      "std": 1.2640926837921143,
      "median": 1.505252718925476,
      "min": -7.118938446044922,
      "max": 9.024072647094727
    },
    "theta_deg": {
      "mean": 37.27006912231445,
      "std": 36.360660552978516
    },
    "phi_deg": {
      "mean": 179.9626007080078,
      "std": 103.52458953857422
    }
  },
  "unmodified": {
    "n_events": 1000,
    "n_total_particles": 394379,
    "system_label": "Xe-129+Au-197 @ 2.0 GeV",
    "sqrt_s_NN": 2.0,
    "A1": 129,
    "Z1": 54,
    "A2": 197,
    "Z2": 79,
    "n_avg_per_event": 394.379,
    "n_std_per_event": 12.21717475523699,
    "pt": {
      "mean": 0.42755362391471863,
      "std": 0.2930137515068054,
      "median": 0.36460795998573303,
      "min": 0.0007452002028003335,
      "max": 2.7382686138153076
    },
    "y": {
      "mean": 0.8924229741096497,
      "std": 0.618008553981781,
      "median": 0.9327541589736938,
      "min": -1.954474925994873,
      "max": 3.8207430839538574
    },
    "eta": {
      "mean": 1.5300185680389404,
      "std": 1.2209594249725342,
      "median": 1.498397707939148,
      "min": -6.470939636230469,
      "max": 8.174784660339355
    },
    "theta_deg": {
      "mean": 36.76915740966797,
      "std": 35.09272766113281
    },
    "phi_deg": {
      "mean": 179.91624450683594,
      "std": 103.59296417236328
    }
  },
  "cumulative": {
    "total_events_modified": 1000,
    "total_events_unmodified": 1000,
    "total_particles_modified": 393767,
    "total_particles_unmodified": 394379,
    "signatures_detected": 0,
    "avg_multiplicity_modified": 393.767,
    "avg_multiplicity_unmodified": 394.379,
    "forbidden_breakdown_modified": {
      "very_forward": 486,
      "very_backward": 0,
      "impossible_kin": 0,
      "extreme_sideways": 6
    },
    "forbidden_breakdown_unmodified": {
      "very_forward": 497,
      "very_backward": 0,
      "impossible_kin": 0,
      "extreme_sideways": 6
    },
    "total_forbidden_modified": 492,
    "total_forbidden_unmodified": 503,
    "n_angular_samples_modified": 393767,
    "n_angular_samples_unmodified": 394379
  }
}