{
  "run_name": "run_5",
  "modified": {
    "n_events": 1000,
    "n_total_particles": 441683,
    "system_label": "Xe-129+Au-197 @ 3.0 GeV",
    "sqrt_s_NN": 3.0,
    "A1": 129,
    "Z1": 54,
    "A2": 197,
    "Z2": 79,
    "n_avg_per_event": 441.683,
    "n_std_per_event": 18.480003003246512,
    "pt": {
      "mean": 0.4355108141899109,
      "std": 0.31625139713287354,
      "median": 0.3592537045478821,
      "min": 0.000313557538902387,
      "max": 2.8512837886810303
    },
    "y": {
      "mean": -0.1718912571668625,
      "std": 0.7144736647605896,
      "median": -0.2077866494655609,
      "min": -2.90464448928833,
      "max": 3.074479341506958
    },
    "eta": {
      "mean": -0.37645143270492554,
      "std": 1.504745602607727,
      "median": -0.34749552607536316,
      "min": -7.920592784881592,
      "max": 6.738423824310303
    },
    "theta_deg": {
      "mean": 102.90013885498047,
      "std": 52.663116455078125
    },
    "phi_deg": {
      "mean": 179.6119842529297,
      "std": 103.83296203613281
    }
  },
  "unmodified": {
    "n_events": 1000,
    "n_total_particles": 443215,
    "system_label": "Xe-129+Au-197 @ 3.0 GeV",
    "sqrt_s_NN": 3.0,
    "A1": 129,
    "Z1": 54,
    "A2": 197,
    "Z2": 79,
    "n_avg_per_event": 443.215,
    "n_std_per_event": 18.398607963647684,
    "pt": {
      "mean": 0.44346070289611816,
      "std": 0.31729528307914734,
      "median": 0.3686378300189972,
      "min": 0.0005047036102041602,
      "max": 3.0240018367767334
    },
    "y": {
      "mean": -0.1699947714805603,
      "std": 0.7052757143974304,
      "median": -0.20295940339565277,
      "min": -2.955090045928955,
      "max": 3.03106427192688
    },
    "eta": {
      "mean": -0.3587581515312195,
      "std": 1.4573131799697876,
      "median": -0.34147295355796814,
      "min": -7.234301567077637,
      "max": 6.989409923553467
    },
    "theta_deg": {
      "mean": 102.70159912109375,
      "std": 51.88704299926758
    },
    "phi_deg": {
      "mean": 179.8498077392578,
      "std": 103.81414031982422
    }
  },
  "cumulative": {
    "total_events_modified": 1000,
    "total_events_unmodified": 1000,
    "total_particles_modified": 441683,
    "total_particles_unmodified": 443215,
    "signatures_detected": 0,
    "avg_multiplicity_modified": 441.683,
    "avg_multiplicity_unmodified": 443.215,
    "forbidden_breakdown_modified": {
      "very_forward": 0,
      "very_backward": 1,
      "impossible_kin": 0,
      "extreme_sideways": 291
    },
    "forbidden_breakdown_unmodified": {
      "very_forward": 0,
      "very_backward": 1,
      "impossible_kin": 0,
      "extreme_sideways": 329
    },
    "total_forbidden_modified": 292,
    "total_forbidden_unmodified": 330,
    "n_angular_samples_modified": 441683,
    "n_angular_samples_unmodified": 443215
  }
}