{
  "run_name": "run_2",
  "modified": {
    "n_events": 1000,
    "n_total_particles": 442151,
    "system_label": "Xe-129+Au-197 @ 3.0 GeV",
    "sqrt_s_NN": 3.0,
    "A1": 129,
    "Z1": 54,
    "A2": 197,
    "Z2": 79,
    "n_avg_per_event": 442.151,
    "n_std_per_event": 18.735853303225877,
    "pt": {
      "mean": 0.43501588702201843,
      "std": 0.3154435455799103,
      "median": 0.3590594232082367,
      "min": 0.00050957384519279,
      "max": 3.3307077884674072
    },
    "y": {
      "mean": -0.17103521525859833,
      "std": 0.7129032015800476,
      "median": -0.20555225014686584,
      "min": -2.836087703704834,
      "max": 2.8737878799438477
    },
    "eta": {
      "mean": -0.37622031569480896,
      "std": 1.5021289587020874,
      "median": -0.3459761142730713,
      "min": -7.706591606140137,
      "max": 8.433274269104004
    },
    "theta_deg": {
      "mean": 102.84724426269531,
      "std": 52.60845184326172
    },
    "phi_deg": {
      "mean": 180.00660705566406,
      "std": 103.82881164550781
    }
  },
  "unmodified": {
    "n_events": 1000,
    "n_total_particles": 444185,
    "system_label": "Xe-129+Au-197 @ 3.0 GeV",
    "sqrt_s_NN": 3.0,
    "A1": 129,
    "Z1": 54,
    "A2": 197,
    "Z2": 79,
    "n_avg_per_event": 444.185,
    "n_std_per_event": 19.914235486204333,
    "pt": {
      "mean": 0.4424871504306793,
      "std": 0.31703633069992065,
      "median": 0.367694228887558,
      "min": 0.0004870786506216973,
      "max": 3.0021073818206787
    },
    "y": {
      "mean": -0.17119410634040833,
      "std": 0.7056480050086975,
      "median": -0.20682580769062042,
      "min": -3.0713417530059814,
      "max": 3.009948253631592
    },
    "eta": {
      "mean": -0.35920509696006775,
      "std": 1.4584420919418335,
      "median": -0.34834811091423035,
      "min": -7.240767002105713,
      "max": 7.714764595031738
    },
    "theta_deg": {
      "mean": 102.7989730834961,
      "std": 51.894840240478516
    },
    "phi_deg": {
      "mean": 179.86868286132812,
      "std": 103.80442810058594
    }
  },
  "cumulative": {
    "total_events_modified": 1000,
    "total_events_unmodified": 1000,
    "total_particles_modified": 442151,
    "total_particles_unmodified": 444185,
    "signatures_detected": 0,
    "avg_multiplicity_modified": 442.151,
    "avg_multiplicity_unmodified": 444.185,
    "forbidden_breakdown_modified": {
      "very_forward": 0,
      "very_backward": 0,
      "impossible_kin": 0,
      "extreme_sideways": 281
    },
    "forbidden_breakdown_unmodified": {
      "very_forward": 0,
      "very_backward": 6,
      "impossible_kin": 0,
      "extreme_sideways": 311
    },
    "total_forbidden_modified": 281,
    "total_forbidden_unmodified": 317,
    "n_angular_samples_modified": 442151,
    "n_angular_samples_unmodified": 444185
  }
}