{
  "run_name": "run_8",
  "modified": {
    "n_events": 1000,
    "n_total_particles": 442229,
    "system_label": "Xe-129+Au-197 @ 3.0 GeV",
    "sqrt_s_NN": 3.0,
    "A1": 129,
    "Z1": 54,
    "A2": 197,
    "Z2": 79,
    "n_avg_per_event": 442.229,
    "n_std_per_event": 19.272170583512384,
    "pt": {
      "mean": 0.43663090467453003,
      "std": 0.3175128698348999,
      "median": 0.35966193675994873,
      "min": 0.0005183419561944902,
      "max": 3.220092535018921
    },
    "y": {
      "mean": -0.17126254737377167,
      "std": 0.7125064730644226,
      "median": -0.20563681423664093,
      "min": -2.9196956157684326,
      "max": 2.921123743057251
    },
    "eta": {
      "mean": -0.3752111494541168,
      "std": 1.499008059501648,
      "median": -0.34533271193504333,
      "min": -8.22787094116211,
      "max": 7.502605438232422
    },
    "theta_deg": {
      "mean": 102.86591339111328,
      "std": 52.53379821777344
    },
    "phi_deg": {
      "mean": 179.9145965576172,
      "std": 103.88253021240234
    }
  },
  "unmodified": {
    "n_events": 1000,
    "n_total_particles": 443697,
    "system_label": "Xe-129+Au-197 @ 3.0 GeV",
    "sqrt_s_NN": 3.0,
    "A1": 129,
    "Z1": 54,
    "A2": 197,
    "Z2": 79,
    "n_avg_per_event": 443.697,
    "n_std_per_event": 18.87546531876764,
    "pt": {
      "mean": 0.4434583783149719,
      "std": 0.31767311692237854,
      "median": 0.3689468502998352,
      "min": 0.00034452538238838315,
      "max": 3.422372817993164
    },
    "y": {
      "mean": -0.17053501307964325,
      "std": 0.7054780125617981,
      "median": -0.20410162210464478,
      "min": -2.957301616668701,
      "max": 3.286393165588379
    },
    "eta": {
      "mean": -0.35760974884033203,
      "std": 1.4571812152862549,
      "median": -0.3436548709869385,
      "min": -7.360409736633301,
      "max": 7.863570690155029
    },
    "theta_deg": {
      "mean": 102.70889282226562,
      "std": 51.89216995239258
    },
    "phi_deg": {
      "mean": 179.9691925048828,
      "std": 103.78316497802734
    }
  },
  "cumulative": {
    "total_events_modified": 1000,
    "total_events_unmodified": 1000,
    "total_particles_modified": 442229,
    "total_particles_unmodified": 443697,
    "signatures_detected": 1,
    "avg_multiplicity_modified": 442.229,
    "avg_multiplicity_unmodified": 443.697,
    "forbidden_breakdown_modified": {
      "very_forward": 0,
      "very_backward": 2,
      "impossible_kin": 0,
      "extreme_sideways": 320
    },
    "forbidden_breakdown_unmodified": {
      "very_forward": 0,
      "very_backward": 1,
      "impossible_kin": 0,
      "extreme_sideways": 302
    },
    "total_forbidden_modified": 322,
    "total_forbidden_unmodified": 303,
    "n_angular_samples_modified": 442229,
    "n_angular_samples_unmodified": 443697
  }
}