{
  "run_name": "run_6",
  "modified": {
    "n_events": 1000,
    "n_total_particles": 443060,
    "system_label": "Xe-129+Au-197 @ 3.0 GeV",
    "sqrt_s_NN": 3.0,
    "A1": 129,
    "Z1": 54,
    "A2": 197,
    "Z2": 79,
    "n_avg_per_event": 443.06,
    "n_std_per_event": 18.831155036269017,
    "pt": {
      "mean": 0.43660712242126465,
      "std": 0.31652823090553284,
      "median": 0.3604694604873657,
      "min": 0.00013879525067750365,
      "max": 3.341045379638672
    },
    "y": {
      "mean": -0.17171785235404968,
      "std": 0.7114919424057007,
      "median": -0.20460741221904755,
      "min": -3.208714485168457,
      "max": 2.997493028640747
    },
    "eta": {
      "mean": -0.37654903531074524,
      "std": 1.49513840675354,
      "median": -0.34339195489883423,
      "min": -7.754075527191162,
      "max": 9.957895278930664
    },
    "theta_deg": {
      "mean": 102.85636901855469,
      "std": 52.42935562133789
    },
    "phi_deg": {
      "mean": 180.0424041748047,
      "std": 103.81311798095703
    }
  },
  "unmodified": {
    "n_events": 1000,
    "n_total_particles": 443671,
    "system_label": "Xe-129+Au-197 @ 3.0 GeV",
    "sqrt_s_NN": 3.0,
    "A1": 129,
    "Z1": 54,
    "A2": 197,
    "Z2": 79,
    "n_avg_per_event": 443.671,
    "n_std_per_event": 19.55808679293555,
    "pt": {
      "mean": 0.44255349040031433,
      "std": 0.31652820110321045,
      "median": 0.3679320216178894,
      "min": 0.0006310056778602302,
      "max": 2.797560691833496
    },
    "y": {
      "mean": -0.17152069509029388,
      "std": 0.7055461406707764,
      "median": -0.20761267840862274,
      "min": -2.91256046295166,
      "max": 3.1425540447235107
    },
    "eta": {
      "mean": -0.3581913411617279,
      "std": 1.4592965841293335,
      "median": -0.3489750325679779,
      "min": -8.139100074768066,
      "max": 7.674858093261719
    },
    "theta_deg": {
      "mean": 102.77717590332031,
      "std": 51.91558837890625
    },
    "phi_deg": {
      "mean": 179.92662048339844,
      "std": 103.83550262451172
    }
  },
  "cumulative": {
    "total_events_modified": 1000,
    "total_events_unmodified": 1000,
    "total_particles_modified": 443060,
    "total_particles_unmodified": 443671,
    "signatures_detected": 1,
    "avg_multiplicity_modified": 443.06,
    "avg_multiplicity_unmodified": 443.671,
    "forbidden_breakdown_modified": {
      "very_forward": 0,
      "very_backward": 0,
      "impossible_kin": 0,
      "extreme_sideways": 325
    },
    "forbidden_breakdown_unmodified": {
      "very_forward": 0,
      "very_backward": 1,
      "impossible_kin": 0,
      "extreme_sideways": 301
    },
    "total_forbidden_modified": 325,
    "total_forbidden_unmodified": 302,
    "n_angular_samples_modified": 443060,
    "n_angular_samples_unmodified": 443671
  }
}