{
  "run_name": "run_9",
  "modified": {
    "n_events": 1000,
    "n_total_particles": 442460,
    "system_label": "Xe-129+Au-197 @ 3.0 GeV",
    "sqrt_s_NN": 3.0,
    "A1": 129,
    "Z1": 54,
    "A2": 197,
    "Z2": 79,
    "n_avg_per_event": 442.46,
    "n_std_per_event": 18.69391344796482,
    "pt": {
      "mean": 0.43626463413238525,
      "std": 0.31676894426345825,
      "median": 0.3597850799560547,
      "min": 0.0004800596216227859,
      "max": 3.1455259323120117
    },
    "y": {
      "mean": -0.17092038691043854,
      "std": 0.7132644653320312,
      "median": -0.20560675859451294,
      "min": -3.2497940063476562,
      "max": 3.005755662918091
    },
    "eta": {
      "mean": -0.3772014379501343,
      "std": 1.497959852218628,
      "median": -0.34383320808410645,
      "min": -8.624089241027832,
      "max": 6.837749004364014
    },
    "theta_deg": {
      "mean": 102.859130859375,
      "std": 52.523921966552734
    },
    "phi_deg": {
      "mean": 180.0750274658203,
      "std": 103.86090850830078
    }
  },
  "unmodified": {
    "n_events": 1000,
    "n_total_particles": 444170,
    "system_label": "Xe-129+Au-197 @ 3.0 GeV",
    "sqrt_s_NN": 3.0,
    "A1": 129,
    "Z1": 54,
    "A2": 197,
    "Z2": 79,
    "n_avg_per_event": 444.17,
    "n_std_per_event": 18.812897171887162,
    "pt": {
      "mean": 0.44152018427848816,
      "std": 0.31704410910606384,
      "median": 0.36651888489723206,
      "min": 0.00042911202763207257,
      "max": 2.806593656539917
    },
    "y": {
      "mean": -0.17030228674411774,
      "std": 0.7059131264686584,
      "median": -0.20566704869270325,
      "min": -3.046140193939209,
      "max": 2.7811782360076904
    },
    "eta": {
      "mean": -0.3600617051124573,
      "std": 1.4616304636001587,
      "median": -0.3451862931251526,
      "min": -7.952270984649658,
      "max": 8.254411697387695
    },
    "theta_deg": {
      "mean": 102.7637939453125,
      "std": 51.957908630371094
    },
    "phi_deg": {
      "mean": 179.97425842285156,
      "std": 103.87667846679688
    }
  },
  "cumulative": {
    "total_events_modified": 1000,
    "total_events_unmodified": 1000,
    "total_particles_modified": 442460,
    "total_particles_unmodified": 444170,
    "signatures_detected": 0,
    "avg_multiplicity_modified": 442.46,
    "avg_multiplicity_unmodified": 444.17,
    "forbidden_breakdown_modified": {
      "very_forward": 0,
      "very_backward": 1,
      "impossible_kin": 0,
      "extreme_sideways": 293
    },
    "forbidden_breakdown_unmodified": {
      "very_forward": 0,
      "very_backward": 0,
      "impossible_kin": 0,
      "extreme_sideways": 320
    },
    "total_forbidden_modified": 294,
    "total_forbidden_unmodified": 320,
    "n_angular_samples_modified": 442460,
    "n_angular_samples_unmodified": 444170
  }
}