{
  "run_name": "run_7",
  "modified": {
    "n_events": 1000,
    "n_total_particles": 441986,
    "system_label": "Xe-129+Au-197 @ 3.0 GeV",
    "sqrt_s_NN": 3.0,
    "A1": 129,
    "Z1": 54,
    "A2": 197,
    "Z2": 79,
    "n_avg_per_event": 441.986,
    "n_std_per_event": 18.91290046502651,
    "pt": {
      "mean": 0.43565309047698975,
      "std": 0.3158736526966095,
      "median": 0.3593396842479706,
      "min": 0.0003804000443778932,
      "max": 2.8555798530578613
    },
    "y": {
      "mean": -0.17112427949905396,
      "std": 0.7137565612792969,
      "median": -0.20365050435066223,
      "min": -2.949063539505005,
      "max": 2.954214572906494
    },
    "eta": {
      "mean": -0.3788163661956787,
      "std": 1.502595067024231,
      "median": -0.3435424566268921,
      "min": -8.282915115356445,
      "max": 8.758731842041016
    },
    "theta_deg": {
      "mean": 102.86905670166016,
      "std": 52.60808563232422
    },
    "phi_deg": {
      "mean": 180.0803985595703,
      "std": 103.86433410644531
    }
  },
  "unmodified": {
    "n_events": 1000,
    "n_total_particles": 443719,
    "system_label": "Xe-129+Au-197 @ 3.0 GeV",
    "sqrt_s_NN": 3.0,
    "A1": 129,
    "Z1": 54,
    "A2": 197,
    "Z2": 79,
    "n_avg_per_event": 443.719,
    "n_std_per_event": 19.427507277054357,
    "pt": {
      "mean": 0.4426130950450897,
      "std": 0.31674376130104065,
      "median": 0.3680691719055176,
      "min": 0.0005298249889165163,
      "max": 3.318427801132202
    },
    "y": {
      "mean": -0.17058300971984863,
      "std": 0.7059618830680847,
      "median": -0.20494817197322845,
      "min": -3.015474796295166,
      "max": 2.8054256439208984
    },
    "eta": {
      "mean": -0.3584820628166199,
      "std": 1.4585037231445312,
      "median": -0.345068097114563,
      "min": -7.501288414001465,
      "max": 7.583500862121582
    },
    "theta_deg": {
      "mean": 102.74748992919922,
      "std": 51.91109848022461
    },
    "phi_deg": {
      "mean": 180.13336181640625,
      "std": 103.82280731201172
    }
  },
  "cumulative": {
    "total_events_modified": 1000,
    "total_events_unmodified": 1000,
    "total_particles_modified": 441986,
    "total_particles_unmodified": 443719,
    "signatures_detected": 0,
    "avg_multiplicity_modified": 441.986,
    "avg_multiplicity_unmodified": 443.719,
    "forbidden_breakdown_modified": {
      "very_forward": 1,
      "very_backward": 1,
      "impossible_kin": 0,
      "extreme_sideways": 289
    },
    "forbidden_breakdown_unmodified": {
      "very_forward": 0,
      "very_backward": 1,
      "impossible_kin": 0,
      "extreme_sideways": 329
    },
    "total_forbidden_modified": 291,
    "total_forbidden_unmodified": 330,
    "n_angular_samples_modified": 441986,
    "n_angular_samples_unmodified": 443719
  }
}