{
  "run_name": "run_1",
  "modified": {
    "n_events": 1000,
    "n_total_particles": 442835,
    "system_label": "Xe-129+Au-197 @ 3.0 GeV",
    "sqrt_s_NN": 3.0,
    "A1": 129,
    "Z1": 54,
    "A2": 197,
    "Z2": 79,
    "n_avg_per_event": 442.835,
    "n_std_per_event": 19.151025429464607,
    "pt": {
      "mean": 0.4363075792789459,
      "std": 0.31627896428108215,
      "median": 0.35993123054504395,
      "min": 0.0002788580604828894,
      "max": 3.011805295944214
    },
    "y": {
      "mean": -0.17041975259780884,
      "std": 0.711863100528717,
      "median": -0.20348304510116577,
      "min": -2.919832229614258,
      "max": 3.099294900894165
    },
    "eta": {
      "mean": -0.37847307324409485,
      "std": 1.4990837574005127,
      "median": -0.3420863747596741,
      "min": -7.594881534576416,
      "max": 8.662185668945312
    },
    "theta_deg": {
      "mean": 102.87671661376953,
      "std": 52.464073181152344
    },
    "phi_deg": {
      "mean": 179.90138244628906,
      "std": 103.87126922607422
    }
  },
  "unmodified": {
    "n_events": 1000,
    "n_total_particles": 443580,
    "system_label": "Xe-129+Au-197 @ 3.0 GeV",
    "sqrt_s_NN": 3.0,
    "A1": 129,
    "Z1": 54,
    "A2": 197,
    "Z2": 79,
    "n_avg_per_event": 443.58,
    "n_std_per_event": 18.904115953939765,
    "pt": {
      "mean": 0.44324517250061035,
      "std": 0.31760817766189575,
      "median": 0.36848270893096924,
      "min": 9.227749251294881e-05,
      "max": 2.966247081756592
    },
    "y": {
      "mean": -0.17115208506584167,
      "std": 0.7050523161888123,
      "median": -0.20596468448638916,
      "min": -3.2781758308410645,
      "max": 2.824998378753662
    },
    "eta": {
      "mean": -0.35841843485832214,
      "std": 1.4573237895965576,
      "median": -0.3462151885032654,
      "min": -7.91829776763916,
      "max": 8.062971115112305
    },
    "theta_deg": {
      "mean": 102.78328704833984,
      "std": 51.875511169433594
    },
    "phi_deg": {
      "mean": 180.05770874023438,
      "std": 103.8809814453125
    }
  },
  "cumulative": {
    "total_events_modified": 1000,
    "total_events_unmodified": 1000,
    "total_particles_modified": 442835,
    "total_particles_unmodified": 443580,
    "signatures_detected": 0,
    "avg_multiplicity_modified": 442.835,
    "avg_multiplicity_unmodified": 443.58,
    "forbidden_breakdown_modified": {
      "very_forward": 0,
      "very_backward": 3,
      "impossible_kin": 0,
      "extreme_sideways": 279
    },
    "forbidden_breakdown_unmodified": {
      "very_forward": 0,
      "very_backward": 1,
      "impossible_kin": 0,
      "extreme_sideways": 339
    },
    "total_forbidden_modified": 282,
    "total_forbidden_unmodified": 340,
    "n_angular_samples_modified": 442835,
    "n_angular_samples_unmodified": 443580
  }
}