{
  "run_name": "run_1",
  "modified": {
    "n_events": 10000,
    "n_total_particles": 3929209,
    "system_label": "Xe-129+Au-197 @ 2.0 GeV",
    "sqrt_s_NN": 2.0,
    "A1": 129,
    "Z1": 54,
    "A2": 197,
    "Z2": 79,
    "n_avg_per_event": 392.9209,
    "n_std_per_event": 11.774788456273853,
    "pt": {
      "mean": 0.41099512577056885,
      "std": 0.2907664477825165,
      "median": 0.3435958921909332,
      "min": 2.5694371288409457e-05,
      "max": 2.877166271209717
    },
    "y": {
      "mean": 0.8931735754013062,
      "std": 0.6349769234657288,
      "median": 0.9434230923652649,
      "min": -2.230476140975952,
      "max": 3.8798511028289795
    },
    "eta": {
      "mean": 1.5336686372756958,
      "std": 1.3086163997650146,
      "median": 1.5126250982284546,
      "min": -6.524084568023682,
      "max": 12.389997482299805
    },
    "theta_deg": {
      "mean": 37.87593460083008,
      "std": 37.79227828979492
    },
    "phi_deg": {
      "mean": 180.0261688232422,
      "std": 103.59149169921875
    }
  },
  "unmodified": {
    "n_events": 10000,
    "n_total_particles": 3942496,
    "system_label": "Xe-129+Au-197 @ 2.0 GeV",
    "sqrt_s_NN": 2.0,
    "A1": 129,
    "Z1": 54,
    "A2": 197,
    "Z2": 79,
    "n_avg_per_event": 394.2496,
    "n_std_per_event": 11.962169528977592,
    "pt": {
      "mean": 0.4270676076412201,
      "std": 0.2932806611061096,
      "median": 0.36341774463653564,
      "min": 9.061944183486048e-06,
      "max": 2.9474265575408936
    },
    "y": {
      "mean": 0.8922028541564941,
      "std": 0.6192433834075928,
      "median": 0.9329436421394348,
      "min": -2.199451208114624,
      "max": 3.9310150146484375
    },
    "eta": {
      "mean": 1.5303406715393066,
      "std": 1.22354257106781,
      "median": 1.4974925518035889,
      "min": -6.613938331604004,
      "max": 13.106332778930664
    },
    "theta_deg": {
      "mean": 36.8155517578125,
      "std": 35.16603088378906
    },
    "phi_deg": {
      "mean": 179.98463439941406,
      "std": 103.60305786132812
    }
  },
  "cumulative": {
    "total_events_modified": 10000,
    "total_events_unmodified": 10000,
    "total_particles_modified": 3929209,
    "total_particles_unmodified": 3942496,
    "signatures_detected": 0,
    "avg_multiplicity_modified": 392.9209,
    "avg_multiplicity_unmodified": 394.2496,
    "forbidden_breakdown_modified": {
      "very_forward": 4983,
      "very_backward": 0,
      "impossible_kin": 0,
      "extreme_sideways": 102
    },
    "forbidden_breakdown_unmodified": {
      "very_forward": 4926,
      "very_backward": 0,
      "impossible_kin": 0,
      "extreme_sideways": 103
    },
    "total_forbidden_modified": 5085,
    "total_forbidden_unmodified": 5029,
    "n_angular_samples_modified": 3929209,
    "n_angular_samples_unmodified": 3942496
  }
}