{
  "run_name": "run_1",
  "modified": {
    "n_events": 10000,
    "n_total_particles": 3927274,
    "system_label": "Xe-129+Au-197 @ 2.0 GeV",
    "sqrt_s_NN": 2.0,
    "A1": 129,
    "Z1": 54,
    "A2": 197,
    "Z2": 79,
    "n_avg_per_event": 392.7274,
    "n_std_per_event": 11.732522714233287,
    "pt": {
      "mean": 0.4102676808834076,
      "std": 0.29057079553604126,
      "median": 0.3428418040275574,
      "min": 7.165301212808117e-05,
      "max": 2.9055275917053223
    },
    "y": {
      "mean": 0.8929933905601501,
      "std": 0.6360253095626831,
      "median": 0.9432206153869629,
      "min": -1.9982990026474,
      "max": 3.650485038757324
    },
    "eta": {
      "mean": 1.5347177982330322,
      "std": 1.312882423400879,
      "median": 1.514232873916626,
      "min": -6.869511127471924,
      "max": 10.734259605407715
    },
    "theta_deg": {
      "mean": 37.914031982421875,
      "std": 37.88277816772461
    },
    "phi_deg": {
      "mean": 179.9500274658203,
      "std": 103.62666320800781
    }
  },
  "unmodified": {
    "n_events": 10000,
    "n_total_particles": 3942496,
    "system_label": "Xe-129+Au-197 @ 2.0 GeV",
    "sqrt_s_NN": 2.0,
    "A1": 129,
    "Z1": 54,
    "A2": 197,
    "Z2": 79,
    "n_avg_per_event": 394.2496,
    "n_std_per_event": 11.962169528977592,
    "pt": {
      "mean": 0.4270676076412201,
      "std": 0.2932806611061096,
      "median": 0.36341774463653564,
      "min": 9.061944183486048e-06,
      "max": 2.9474265575408936
    },
    "y": {
      "mean": 0.8922028541564941,
      "std": 0.6192433834075928,
      "median": 0.9329436421394348,
      "min": -2.199451208114624,
      "max": 3.9310150146484375
    },
    "eta": {
      "mean": 1.5303406715393066,
      "std": 1.22354257106781,
      "median": 1.4974925518035889,
      "min": -6.613938331604004,
      "max": 13.106332778930664
    },
    "theta_deg": {
      "mean": 36.8155517578125,
      "std": 35.16603088378906
    },
    "phi_deg": {
      "mean": 179.98463439941406,
      "std": 103.60305786132812
    }
  },
  "cumulative": {
    "total_events_modified": 10000,
    "total_events_unmodified": 10000,
    "total_particles_modified": 3927274,
    "total_particles_unmodified": 3942496,
    "signatures_detected": 0,
    "avg_multiplicity_modified": 392.7274,
    "avg_multiplicity_unmodified": 394.2496,
    "forbidden_breakdown_modified": {
      "very_forward": 5064,
      "very_backward": 0,
      "impossible_kin": 0,
      "extreme_sideways": 92
    },
    "forbidden_breakdown_unmodified": {
      "very_forward": 4926,
      "very_backward": 0,
      "impossible_kin": 0,
      "extreme_sideways": 103
    },
    "total_forbidden_modified": 5156,
    "total_forbidden_unmodified": 5029,
    "n_angular_samples_modified": 3927274,
    "n_angular_samples_unmodified": 3942496
  }
}