{
  "run_name": "run_10",
  "modified": {
    "n_events": 1000,
    "n_total_particles": 393554,
    "system_label": "Xe-129+Au-197 @ 2.0 GeV",
    "sqrt_s_NN": 2.0,
    "A1": 129,
    "Z1": 54,
    "A2": 197,
    "Z2": 79,
    "n_avg_per_event": 393.554,
    "n_std_per_event": 11.859978246185783,
    "pt": {
      "mean": 0.4191875457763672,
      "std": 0.291172057390213,
      "median": 0.35465946793556213,
      "min": 0.000922602484934032,
      "max": 2.606726884841919
    },
    "y": {
      "mean": 0.8926337957382202,
      "std": 0.6266047358512878,
      "median": 0.9372867345809937,
      "min": -2.0317420959472656,
      "max": 3.6000709533691406
    },
    "eta": {
      "mean": 1.532045841217041,
      "std": 1.2628693580627441,
      "median": 1.5051820278167725,
      "min": -5.632507801055908,
      "max": 8.525598526000977
    },
    "theta_deg": {
      "mean": 37.296661376953125,
      "std": 36.384742736816406
    },
    "phi_deg": {
      "mean": 179.83802795410156,
      "std": 103.51231384277344
    }
  },
  "unmodified": {
    "n_events": 1000,
    "n_total_particles": 393866,
    "system_label": "Xe-129+Au-197 @ 2.0 GeV",
    "sqrt_s_NN": 2.0,
    "A1": 129,
    "Z1": 54,
    "A2": 197,
    "Z2": 79,
    "n_avg_per_event": 393.866,
    "n_std_per_event": 11.951989123154355,
    "pt": {
      "mean": 0.4256162643432617,
      "std": 0.2927330732345581,
      "median": 0.36160653829574585,
      "min": 0.00025113049196079373,
      "max": 2.6245028972625732
    },
    "y": {
      "mean": 0.892565131187439,
      "std": 0.6210424304008484,
      "median": 0.9340734481811523,
      "min": -1.8356822729110718,
      "max": 3.4586424827575684
    },
    "eta": {
      "mean": 1.5329093933105469,
      "std": 1.229156494140625,
      "median": 1.4992549419403076,
      "min": -5.357850074768066,
      "max": 9.64723014831543
    },
    "theta_deg": {
      "mean": 36.859920501708984,
      "std": 35.31577682495117
    },
    "phi_deg": {
      "mean": 180.06300354003906,
      "std": 103.54249572753906
    }
  },
  "cumulative": {
    "total_events_modified": 1000,
    "total_events_unmodified": 1000,
    "total_particles_modified": 393554,
    "total_particles_unmodified": 393866,
    "signatures_detected": 0,
    "avg_multiplicity_modified": 393.554,
    "avg_multiplicity_unmodified": 393.866,
    "forbidden_breakdown_modified": {
      "very_forward": 483,
      "very_backward": 0,
      "impossible_kin": 0,
      "extreme_sideways": 6
    },
    "forbidden_breakdown_unmodified": {
      "very_forward": 546,
      "very_backward": 0,
      "impossible_kin": 0,
      "extreme_sideways": 9
    },
    "total_forbidden_modified": 489,
    "total_forbidden_unmodified": 555,
    "n_angular_samples_modified": 393554,
    "n_angular_samples_unmodified": 393866
  }
}