{
  "run_name": "run_6",
  "modified": {
    "n_events": 1000,
    "n_total_particles": 393543,
    "system_label": "Xe-129+Au-197 @ 2.0 GeV",
    "sqrt_s_NN": 2.0,
    "A1": 129,
    "Z1": 54,
    "A2": 197,
    "Z2": 79,
    "n_avg_per_event": 393.543,
    "n_std_per_event": 11.878642641312181,
    "pt": {
      "mean": 0.41902956366539,
      "std": 0.2916852533817291,
      "median": 0.35384827852249146,
      "min": 0.0005005185957998037,
      "max": 2.791606903076172
    },
    "y": {
      "mean": 0.8924198150634766,
      "std": 0.6271933913230896,
      "median": 0.9377632737159729,
      "min": -2.0875422954559326,
      "max": 3.6348440647125244
    },
    "eta": {
      "mean": 1.5311564207077026,
      "std": 1.2647112607955933,
      "median": 1.5043162107467651,
      "min": -6.104788303375244,
      "max": 8.796388626098633
    },
    "theta_deg": {
      "mean": 37.34322738647461,
      "std": 36.494205474853516
    },
    "phi_deg": {
      "mean": 180.0402374267578,
      "std": 103.53711700439453
    }
  },
  "unmodified": {
    "n_events": 1000,
    "n_total_particles": 393475,
    "system_label": "Xe-129+Au-197 @ 2.0 GeV",
    "sqrt_s_NN": 2.0,
    "A1": 129,
    "Z1": 54,
    "A2": 197,
    "Z2": 79,
    "n_avg_per_event": 393.475,
    "n_std_per_event": 11.884080738534218,
    "pt": {
      "mean": 0.427623450756073,
      "std": 0.2931460440158844,
      "median": 0.3641267716884613,
      "min": 5.3875930461799726e-05,
      "max": 2.7718894481658936
    },
    "y": {
      "mean": 0.8923389315605164,
      "std": 0.6205720901489258,
      "median": 0.9334343671798706,
      "min": -2.1224284172058105,
      "max": 3.613703727722168
    },
    "eta": {
      "mean": 1.529649257659912,
      "std": 1.2251602411270142,
      "median": 1.4986692667007446,
      "min": -6.307322978973389,
      "max": 10.054543495178223
    },
    "theta_deg": {
      "mean": 36.85555648803711,
      "std": 35.25065612792969
    },
    "phi_deg": {
      "mean": 180.2325897216797,
      "std": 103.68484497070312
    }
  },
  "cumulative": {
    "total_events_modified": 1000,
    "total_events_unmodified": 1000,
    "total_particles_modified": 393543,
    "total_particles_unmodified": 393475,
    "signatures_detected": 0,
    "avg_multiplicity_modified": 393.543,
    "avg_multiplicity_unmodified": 393.475,
    "forbidden_breakdown_modified": {
      "very_forward": 483,
      "very_backward": 0,
      "impossible_kin": 0,
      "extreme_sideways": 10
    },
    "forbidden_breakdown_unmodified": {
      "very_forward": 490,
      "very_backward": 0,
      "impossible_kin": 0,
      "extreme_sideways": 11
    },
    "total_forbidden_modified": 493,
    "total_forbidden_unmodified": 501,
    "n_angular_samples_modified": 393543,
    "n_angular_samples_unmodified": 393475
  }
}