{
  "run_name": "run_8",
  "modified": {
    "n_events": 1000,
    "n_total_particles": 394370,
    "system_label": "Xe-129+Au-197 @ 2.0 GeV",
    "sqrt_s_NN": 2.0,
    "A1": 129,
    "Z1": 54,
    "A2": 197,
    "Z2": 79,
    "n_avg_per_event": 394.37,
    "n_std_per_event": 11.639463046034383,
    "pt": {
      "mean": 0.42031124234199524,
      "std": 0.2919554114341736,
      "median": 0.35567325353622437,
      "min": 0.0007296046242117882,
      "max": 2.9420337677001953
    },
    "y": {
      "mean": 0.892202615737915,
      "std": 0.6250903010368347,
      "median": 0.9349418878555298,
      "min": -1.9506677389144897,
      "max": 3.6474101543426514
    },
    "eta": {
      "mean": 1.532150387763977,
      "std": 1.2578622102737427,
      "median": 1.4989449977874756,
      "min": -6.652158260345459,
      "max": 7.717682361602783
    },
    "theta_deg": {
      "mean": 37.21937561035156,
      "std": 36.152008056640625
    },
    "phi_deg": {
      "mean": 179.91293334960938,
      "std": 103.59243774414062
    }
  },
  "unmodified": {
    "n_events": 1000,
    "n_total_particles": 394114,
    "system_label": "Xe-129+Au-197 @ 2.0 GeV",
    "sqrt_s_NN": 2.0,
    "A1": 129,
    "Z1": 54,
    "A2": 197,
    "Z2": 79,
    "n_avg_per_event": 394.114,
    "n_std_per_event": 11.696452624620852,
    "pt": {
      "mean": 0.4257451593875885,
      "std": 0.2930155098438263,
      "median": 0.3612591624259949,
      "min": 0.00042175932321697474,
      "max": 2.909101963043213
    },
    "y": {
      "mean": 0.8924040794372559,
      "std": 0.6200734376907349,
      "median": 0.9329620003700256,
      "min": -1.953926920890808,
      "max": 3.9310150146484375
    },
    "eta": {
      "mean": 1.5333819389343262,
      "std": 1.2269883155822754,
      "median": 1.4999680519104004,
      "min": -5.791619300842285,
      "max": 9.285566329956055
    },
    "theta_deg": {
      "mean": 36.80989456176758,
      "std": 35.2031135559082
    },
    "phi_deg": {
      "mean": 179.88754272460938,
      "std": 103.60607147216797
    }
  },
  "cumulative": {
    "total_events_modified": 1000,
    "total_events_unmodified": 1000,
    "total_particles_modified": 394370,
    "total_particles_unmodified": 394114,
    "signatures_detected": 0,
    "avg_multiplicity_modified": 394.37,
    "avg_multiplicity_unmodified": 394.114,
    "forbidden_breakdown_modified": {
      "very_forward": 467,
      "very_backward": 0,
      "impossible_kin": 0,
      "extreme_sideways": 5
    },
    "forbidden_breakdown_unmodified": {
      "very_forward": 476,
      "very_backward": 0,
      "impossible_kin": 0,
      "extreme_sideways": 9
    },
    "total_forbidden_modified": 472,
    "total_forbidden_unmodified": 485,
    "n_angular_samples_modified": 394370,
    "n_angular_samples_unmodified": 394114
  }
}