{
  "run_name": "run_9",
  "modified": {
    "n_events": 1000,
    "n_total_particles": 393312,
    "system_label": "Xe-129+Au-197 @ 2.0 GeV",
    "sqrt_s_NN": 2.0,
    "A1": 129,
    "Z1": 54,
    "A2": 197,
    "Z2": 79,
    "n_avg_per_event": 393.312,
    "n_std_per_event": 11.89910315948223,
    "pt": {
      "mean": 0.4189755916595459,
      "std": 0.2916945219039917,
      "median": 0.353889524936676,
      "min": 0.000367639004252851,
      "max": 2.9990830421447754
    },
    "y": {
      "mean": 1.6919779777526855,
      "std": 0.6276209950447083,
      "median": 1.6456325054168701,
      "min": -0.7779631018638611,
      "max": 4.432330131530762
    },
    "eta": {
      "mean": 2.6060261726379395,
      "std": 0.9036570191383362,
      "median": 2.4799137115478516,
      "min": -1.7540628910064697,
      "max": 9.167409896850586
    },
    "theta_deg": {
      "mean": 11.669264793395996,
      "std": 9.711187362670898
    },
    "phi_deg": {
      "mean": 180.04437255859375,
      "std": 103.61532592773438
    }
  },
  "unmodified": {
    "n_events": 1000,
    "n_total_particles": 393768,
    "system_label": "Xe-129+Au-197 @ 2.0 GeV",
    "sqrt_s_NN": 2.0,
    "A1": 129,
    "Z1": 54,
    "A2": 197,
    "Z2": 79,
    "n_avg_per_event": 393.768,
    "n_std_per_event": 11.534130916545035,
    "pt": {
      "mean": 0.42569541931152344,
      "std": 0.2922530770301819,
      "median": 0.36214765906333923,
      "min": 0.00019765800971072167,
      "max": 2.9474265575408936
    },
    "y": {
      "mean": 1.6932013034820557,
      "std": 0.6209947466850281,
      "median": 1.653045892715454,
      "min": -1.0063645839691162,
      "max": 4.722010612487793
    },
    "eta": {
      "mean": 2.5869109630584717,
      "std": 0.8753608465194702,
      "median": 2.472747802734375,
      "min": -3.238839626312256,
      "max": 8.895511627197266
    },
    "theta_deg": {
      "mean": 11.731158256530762,
      "std": 9.659976959228516
    },
    "phi_deg": {
      "mean": 179.90565490722656,
      "std": 103.5811996459961
    }
  },
  "cumulative": {
    "total_events_modified": 1000,
    "total_events_unmodified": 1000,
    "total_particles_modified": 393312,
    "total_particles_unmodified": 393768,
    "signatures_detected": 1,
    "avg_multiplicity_modified": 393.312,
    "avg_multiplicity_unmodified": 393.768,
    "forbidden_breakdown_modified": {
      "very_forward": 7570,
      "very_backward": 0,
      "impossible_kin": 0,
      "extreme_sideways": 0
    },
    "forbidden_breakdown_unmodified": {
      "very_forward": 6190,
      "very_backward": 0,
      "impossible_kin": 0,
      "extreme_sideways": 0
    },
    "total_forbidden_modified": 7570,
    "total_forbidden_unmodified": 6190,
    "n_angular_samples_modified": 393312,
    "n_angular_samples_unmodified": 393768
  }
}