{
  "run_name": "run_3",
  "modified": {
    "n_events": 1000,
    "n_total_particles": 393904,
    "system_label": "Xe-129+Au-197 @ 2.0 GeV",
    "sqrt_s_NN": 2.0,
    "A1": 129,
    "Z1": 54,
    "A2": 197,
    "Z2": 79,
    "n_avg_per_event": 393.904,
    "n_std_per_event": 11.680530124955801,
    "pt": {
      "mean": 0.419633686542511,
      "std": 0.29187020659446716,
      "median": 0.3533037304878235,
      "min": 0.0006294150953181088,
      "max": 2.566506862640381
    },
    "y": {
      "mean": 1.6932767629623413,
      "std": 0.6262292265892029,
      "median": 1.6473336219787598,
      "min": -0.8804728984832764,
      "max": 4.649302959442139
    },
    "eta": {
      "mean": 2.6032726764678955,
      "std": 0.8982011079788208,
      "median": 2.4774680137634277,
      "min": -2.9673726558685303,
      "max": 10.041936874389648
    },
    "theta_deg": {
      "mean": 11.66092300415039,
      "std": 9.620423316955566
    },
    "phi_deg": {
      "mean": 180.228271484375,
      "std": 103.50340270996094
    }
  },
  "unmodified": {
    "n_events": 1000,
    "n_total_particles": 394378,
    "system_label": "Xe-129+Au-197 @ 2.0 GeV",
    "sqrt_s_NN": 2.0,
    "A1": 129,
    "Z1": 54,
    "A2": 197,
    "Z2": 79,
    "n_avg_per_event": 394.378,
    "n_std_per_event": 11.742023505341828,
    "pt": {
      "mean": 0.42704012989997864,
      "std": 0.2937292754650116,
      "median": 0.36308979988098145,
      "min": 0.000889380113221705,
      "max": 2.881645679473877
    },
    "y": {
      "mean": 1.693056583404541,
      "std": 0.6190653443336487,
      "median": 1.6517698764801025,
      "min": -0.9053324460983276,
      "max": 4.41750431060791
    },
    "eta": {
      "mean": 2.5827088356018066,
      "std": 0.8748701214790344,
      "median": 2.470008373260498,
      "min": -2.843432664871216,
      "max": 9.723787307739258
    },
    "theta_deg": {
      "mean": 11.775627136230469,
      "std": 9.660477638244629
    },
    "phi_deg": {
      "mean": 179.9925079345703,
      "std": 103.68000793457031
    }
  },
  "cumulative": {
    "total_events_modified": 1000,
    "total_events_unmodified": 1000,
    "total_particles_modified": 393904,
    "total_particles_unmodified": 394378,
    "signatures_detected": 1,
    "avg_multiplicity_modified": 393.904,
    "avg_multiplicity_unmodified": 394.378,
    "forbidden_breakdown_modified": {
      "very_forward": 7381,
      "very_backward": 0,
      "impossible_kin": 0,
      "extreme_sideways": 0
    },
    "forbidden_breakdown_unmodified": {
      "very_forward": 6154,
      "very_backward": 0,
      "impossible_kin": 0,
      "extreme_sideways": 0
    },
    "total_forbidden_modified": 7381,
    "total_forbidden_unmodified": 6154,
    "n_angular_samples_modified": 393904,
    "n_angular_samples_unmodified": 394378
  }
}