{
  "run_name": "run_7",
  "modified": {
    "n_events": 1000,
    "n_total_particles": 394031,
    "system_label": "Xe-129+Au-197 @ 2.0 GeV",
    "sqrt_s_NN": 2.0,
    "A1": 129,
    "Z1": 54,
    "A2": 197,
    "Z2": 79,
    "n_avg_per_event": 394.031,
    "n_std_per_event": 11.782021855352331,
    "pt": {
      "mean": 0.4200257360935211,
      "std": 0.29243460297584534,
      "median": 0.3551088869571686,
      "min": 0.0006836769171059132,
      "max": 2.5671606063842773
    },
    "y": {
      "mean": 0.8923405408859253,
      "std": 0.6259801387786865,
      "median": 0.9364372491836548,
      "min": -2.0875422954559326,
      "max": 3.446469783782959
    },
    "eta": {
      "mean": 1.5320875644683838,
      "std": 1.2589534521102905,
      "median": 1.5029748678207397,
      "min": -6.514143466949463,
      "max": 8.872885704040527
    },
    "theta_deg": {
      "mean": 37.249351501464844,
      "std": 36.24441909790039
    },
    "phi_deg": {
      "mean": 179.96206665039062,
      "std": 103.63906860351562
    }
  },
  "unmodified": {
    "n_events": 1000,
    "n_total_particles": 394719,
    "system_label": "Xe-129+Au-197 @ 2.0 GeV",
    "sqrt_s_NN": 2.0,
    "A1": 129,
    "Z1": 54,
    "A2": 197,
    "Z2": 79,
    "n_avg_per_event": 394.719,
    "n_std_per_event": 12.395565295701523,
    "pt": {
      "mean": 0.4273351728916168,
      "std": 0.2938418686389923,
      "median": 0.3636466860771179,
      "min": 0.000876800564583391,
      "max": 2.5042166709899902
    },
    "y": {
      "mean": 0.8921571969985962,
      "std": 0.618303656578064,
      "median": 0.9334247708320618,
      "min": -2.0210134983062744,
      "max": 3.434330701828003
    },
    "eta": {
      "mean": 1.529356598854065,
      "std": 1.2224957942962646,
      "median": 1.4957420825958252,
      "min": -5.488500595092773,
      "max": 8.977606773376465
    },
    "theta_deg": {
      "mean": 36.813087463378906,
      "std": 35.128265380859375
    },
    "phi_deg": {
      "mean": 179.84408569335938,
      "std": 103.59819793701172
    }
  },
  "cumulative": {
    "total_events_modified": 1000,
    "total_events_unmodified": 1000,
    "total_particles_modified": 394031,
    "total_particles_unmodified": 394719,
    "signatures_detected": 0,
    "avg_multiplicity_modified": 394.031,
    "avg_multiplicity_unmodified": 394.719,
    "forbidden_breakdown_modified": {
      "very_forward": 478,
      "very_backward": 0,
      "impossible_kin": 0,
      "extreme_sideways": 11
    },
    "forbidden_breakdown_unmodified": {
      "very_forward": 477,
      "very_backward": 0,
      "impossible_kin": 0,
      "extreme_sideways": 13
    },
    "total_forbidden_modified": 489,
    "total_forbidden_unmodified": 490,
    "n_angular_samples_modified": 394031,
    "n_angular_samples_unmodified": 394719
  }
}