{
  "run_name": "run_9",
  "modified": {
    "n_events": 1000,
    "n_total_particles": 393312,
    "system_label": "Xe-129+Au-197 @ 2.0 GeV",
    "sqrt_s_NN": 2.0,
    "A1": 129,
    "Z1": 54,
    "A2": 197,
    "Z2": 79,
    "n_avg_per_event": 393.312,
    "n_std_per_event": 11.89910315948223,
    "pt": {
      "mean": 0.4189755916595459,
      "std": 0.2916945219039917,
      "median": 0.353889524936676,
      "min": 0.000367639004252851,
      "max": 2.9990830421447754
    },
    "y": {
      "mean": 0.8930830359458923,
      "std": 0.6276209950447083,
      "median": 0.9394288063049316,
      "min": -1.8473317623138428,
      "max": 3.3630199432373047
    },
    "eta": {
      "mean": 1.531288504600525,
      "std": 1.266347050666809,
      "median": 1.506178379058838,
      "min": -5.618584632873535,
      "max": 8.555082321166992
    },
    "theta_deg": {
      "mean": 37.344024658203125,
      "std": 36.51491165161133
    },
    "phi_deg": {
      "mean": 180.04437255859375,
      "std": 103.61532592773438
    }
  },
  "unmodified": {
    "n_events": 1000,
    "n_total_particles": 393768,
    "system_label": "Xe-129+Au-197 @ 2.0 GeV",
    "sqrt_s_NN": 2.0,
    "A1": 129,
    "Z1": 54,
    "A2": 197,
    "Z2": 79,
    "n_avg_per_event": 393.768,
    "n_std_per_event": 11.534130916545035,
    "pt": {
      "mean": 0.42569541931152344,
      "std": 0.2922530770301819,
      "median": 0.36214765906333923,
      "min": 0.00019765800971072167,
      "max": 2.9474265575408936
    },
    "y": {
      "mean": 0.891859769821167,
      "std": 0.6209946870803833,
      "median": 0.9320152997970581,
      "min": -2.1369619369506836,
      "max": 3.591432571411133
    },
    "eta": {
      "mean": 1.5327311754226685,
      "std": 1.2292085886001587,
      "median": 1.4988856315612793,
      "min": -5.611254692077637,
      "max": 10.270855903625488
    },
    "theta_deg": {
      "mean": 36.84489822387695,
      "std": 35.26150894165039
    },
    "phi_deg": {
      "mean": 179.90565490722656,
      "std": 103.5811996459961
    }
  },
  "cumulative": {
    "total_events_modified": 1000,
    "total_events_unmodified": 1000,
    "total_particles_modified": 393312,
    "total_particles_unmodified": 393768,
    "signatures_detected": 0,
    "avg_multiplicity_modified": 393.312,
    "avg_multiplicity_unmodified": 393.768,
    "forbidden_breakdown_modified": {
      "very_forward": 485,
      "very_backward": 0,
      "impossible_kin": 0,
      "extreme_sideways": 12
    },
    "forbidden_breakdown_unmodified": {
      "very_forward": 504,
      "very_backward": 0,
      "impossible_kin": 0,
      "extreme_sideways": 11
    },
    "total_forbidden_modified": 497,
    "total_forbidden_unmodified": 515,
    "n_angular_samples_modified": 393312,
    "n_angular_samples_unmodified": 393768
  }
}