{
  "run_name": "run_8",
  "modified": {
    "n_events": 1000,
    "n_total_particles": 442128,
    "system_label": "Xe-129+Au-197 @ 3.0 GeV",
    "sqrt_s_NN": 3.0,
    "A1": 129,
    "Z1": 54,
    "A2": 197,
    "Z2": 79,
    "n_avg_per_event": 442.128,
    "n_std_per_event": 18.463846186534376,
    "pt": {
      "mean": 0.4356868267059326,
      "std": 0.3158009946346283,
      "median": 0.3591868579387665,
      "min": 0.0012276886263862252,
      "max": 2.834423542022705
    },
    "y": {
      "mean": -0.1716638058423996,
      "std": 0.7142719626426697,
      "median": -0.20986977219581604,
      "min": -3.0579092502593994,
      "max": 2.754304885864258
    },
    "eta": {
      "mean": -0.36039838194847107,
      "std": 1.5017832517623901,
      "median": -0.3530269265174866,
      "min": -7.371531009674072,
      "max": 7.243525505065918
    },
    "theta_deg": {
      "mean": 102.79972076416016,
      "std": 52.609981536865234
    },
    "phi_deg": {
      "mean": 179.98040771484375,
      "std": 103.807861328125
    }
  },
  "unmodified": {
    "n_events": 1000,
    "n_total_particles": 443300,
    "system_label": "Xe-129+Au-197 @ 3.0 GeV",
    "sqrt_s_NN": 3.0,
    "A1": 129,
    "Z1": 54,
    "A2": 197,
    "Z2": 79,
    "n_avg_per_event": 443.3,
    "n_std_per_event": 19.45425403350126,
    "pt": {
      "mean": 0.4414867162704468,
      "std": 0.3163045048713684,
      "median": 0.366891473531723,
      "min": 0.00038074623444117606,
      "max": 2.9911491870880127
    },
    "y": {
      "mean": -0.17145144939422607,
      "std": 0.7067721486091614,
      "median": -0.20797143876552582,
      "min": -3.100635051727295,
      "max": 3.4194653034210205
    },
    "eta": {
      "mean": -0.35932302474975586,
      "std": 1.4628803730010986,
      "median": -0.3495745360851288,
      "min": -7.897234916687012,
      "max": 8.838268280029297
    },
    "theta_deg": {
      "mean": 102.80311584472656,
      "std": 51.991729736328125
    },
    "phi_deg": {
      "mean": 180.0581512451172,
      "std": 103.9233169555664
    }
  },
  "cumulative": {
    "total_events_modified": 1000,
    "total_events_unmodified": 1000,
    "total_particles_modified": 442128,
    "total_particles_unmodified": 443300,
    "signatures_detected": 0,
    "avg_multiplicity_modified": 442.128,
    "avg_multiplicity_unmodified": 443.3,
    "forbidden_breakdown_modified": {
      "very_forward": 0,
      "very_backward": 1,
      "impossible_kin": 0,
      "extreme_sideways": 305
    },
    "forbidden_breakdown_unmodified": {
      "very_forward": 0,
      "very_backward": 2,
      "impossible_kin": 0,
      "extreme_sideways": 291
    },
    "total_forbidden_modified": 306,
    "total_forbidden_unmodified": 293,
    "n_angular_samples_modified": 442128,
    "n_angular_samples_unmodified": 443300
  }
}