{
  "run_name": "run_1",
  "modified": {
    "n_events": 1000,
    "n_total_particles": 441938,
    "system_label": "Xe-129+Au-197 @ 3.0 GeV",
    "sqrt_s_NN": 3.0,
    "A1": 129,
    "Z1": 54,
    "A2": 197,
    "Z2": 79,
    "n_avg_per_event": 441.938,
    "n_std_per_event": 18.496976942192475,
    "pt": {
      "mean": 0.43579334020614624,
      "std": 0.3161381781101227,
      "median": 0.35858696699142456,
      "min": 0.0005376795306801796,
      "max": 2.883362293243408
    },
    "y": {
      "mean": -0.17128877341747284,
      "std": 0.7143664956092834,
      "median": -0.20842710137367249,
      "min": -3.215985059738159,
      "max": 2.9902050495147705
    },
    "eta": {
      "mean": -0.3620968461036682,
      "std": 1.5030853748321533,
      "median": -0.3490843176841736,
      "min": -8.165164947509766,
      "max": 7.162710666656494
    },
    "theta_deg": {
      "mean": 102.80007934570312,
      "std": 52.61752700805664
    },
    "phi_deg": {
      "mean": 179.98092651367188,
      "std": 103.7874755859375
    }
  },
  "unmodified": {
    "n_events": 1000,
    "n_total_particles": 442587,
    "system_label": "Xe-129+Au-197 @ 3.0 GeV",
    "sqrt_s_NN": 3.0,
    "A1": 129,
    "Z1": 54,
    "A2": 197,
    "Z2": 79,
    "n_avg_per_event": 442.587,
    "n_std_per_event": 19.513493562148216,
    "pt": {
      "mean": 0.44184666872024536,
      "std": 0.3169795572757721,
      "median": 0.36703094840049744,
      "min": 0.0006509809754788876,
      "max": 3.204329252243042
    },
    "y": {
      "mean": -0.171254500746727,
      "std": 0.7075863480567932,
      "median": -0.2075316607952118,
      "min": -3.377228021621704,
      "max": 2.9778921604156494
    },
    "eta": {
      "mean": -0.36047449707984924,
      "std": 1.4676514863967896,
      "median": -0.34892386198043823,
      "min": -7.989547252655029,
      "max": 7.769334316253662
    },
    "theta_deg": {
      "mean": 102.81330871582031,
      "std": 52.07341003417969
    },
    "phi_deg": {
      "mean": 179.9595184326172,
      "std": 103.87578582763672
    }
  },
  "cumulative": {
    "total_events_modified": 1000,
    "total_events_unmodified": 1000,
    "total_particles_modified": 441938,
    "total_particles_unmodified": 442587,
    "signatures_detected": 0,
    "avg_multiplicity_modified": 441.938,
    "avg_multiplicity_unmodified": 442.587,
    "forbidden_breakdown_modified": {
      "very_forward": 0,
      "very_backward": 1,
      "impossible_kin": 0,
      "extreme_sideways": 292
    },
    "forbidden_breakdown_unmodified": {
      "very_forward": 1,
      "very_backward": 0,
      "impossible_kin": 0,
      "extreme_sideways": 307
    },
    "total_forbidden_modified": 293,
    "total_forbidden_unmodified": 308,
    "n_angular_samples_modified": 441938,
    "n_angular_samples_unmodified": 442587
  }
}