{
  "run_name": "run_3",
  "modified": {
    "n_events": 1000,
    "n_total_particles": 442722,
    "system_label": "Xe-129+Au-197 @ 3.0 GeV",
    "sqrt_s_NN": 3.0,
    "A1": 129,
    "Z1": 54,
    "A2": 197,
    "Z2": 79,
    "n_avg_per_event": 442.722,
    "n_std_per_event": 18.136226619669266,
    "pt": {
      "mean": 0.4358392655849457,
      "std": 0.3148733377456665,
      "median": 0.36016443371772766,
      "min": 0.0002856646024156362,
      "max": 2.977595567703247
    },
    "y": {
      "mean": -0.17166955769062042,
      "std": 0.7121738791465759,
      "median": -0.21027575433254242,
      "min": -3.412714958190918,
      "max": 2.7947778701782227
    },
    "eta": {
      "mean": -0.36134272813796997,
      "std": 1.497705101966858,
      "median": -0.3525925874710083,
      "min": -8.848454475402832,
      "max": 6.763717174530029
    },
    "theta_deg": {
      "mean": 102.79728698730469,
      "std": 52.51191711425781
    },
    "phi_deg": {
      "mean": 179.8561553955078,
      "std": 103.77632141113281
    }
  },
  "unmodified": {
    "n_events": 1000,
    "n_total_particles": 443594,
    "system_label": "Xe-129+Au-197 @ 3.0 GeV",
    "sqrt_s_NN": 3.0,
    "A1": 129,
    "Z1": 54,
    "A2": 197,
    "Z2": 79,
    "n_avg_per_event": 443.594,
    "n_std_per_event": 19.78451829082528,
    "pt": {
      "mean": 0.44388464093208313,
      "std": 0.31798413395881653,
      "median": 0.3693622350692749,
      "min": 0.0002799507637973875,
      "max": 3.5484917163848877
    },
    "y": {
      "mean": -0.1701461523771286,
      "std": 0.705128014087677,
      "median": -0.20532841980457306,
      "min": -3.356407642364502,
      "max": 2.9954705238342285
    },
    "eta": {
      "mean": -0.35919758677482605,
      "std": 1.4559863805770874,
      "median": -0.3438439667224884,
      "min": -8.6394624710083,
      "max": 7.9042134284973145
    },
    "theta_deg": {
      "mean": 102.72870635986328,
      "std": 51.855953216552734
    },
    "phi_deg": {
      "mean": 179.8988494873047,
      "std": 103.83715057373047
    }
  },
  "cumulative": {
    "total_events_modified": 1000,
    "total_events_unmodified": 1000,
    "total_particles_modified": 442722,
    "total_particles_unmodified": 443594,
    "signatures_detected": 0,
    "avg_multiplicity_modified": 442.722,
    "avg_multiplicity_unmodified": 443.594,
    "forbidden_breakdown_modified": {
      "very_forward": 0,
      "very_backward": 1,
      "impossible_kin": 0,
      "extreme_sideways": 267
    },
    "forbidden_breakdown_unmodified": {
      "very_forward": 0,
      "very_backward": 2,
      "impossible_kin": 0,
      "extreme_sideways": 321
    },
    "total_forbidden_modified": 268,
    "total_forbidden_unmodified": 323,
    "n_angular_samples_modified": 442722,
    "n_angular_samples_unmodified": 443594
  }
}