{
  "run_name": "run_4",
  "modified": {
    "n_events": 1000,
    "n_total_particles": 441392,
    "system_label": "Xe-129+Au-197 @ 3.0 GeV",
    "sqrt_s_NN": 3.0,
    "A1": 129,
    "Z1": 54,
    "A2": 197,
    "Z2": 79,
    "n_avg_per_event": 441.392,
    "n_std_per_event": 18.74188720486814,
    "pt": {
      "mean": 0.4355878233909607,
      "std": 0.31494760513305664,
      "median": 0.3596934378147125,
      "min": 0.00039233078132383525,
      "max": 2.801514148712158
    },
    "y": {
      "mean": -0.17117701470851898,
      "std": 0.7143341898918152,
      "median": -0.21045154333114624,
      "min": -3.1129231452941895,
      "max": 2.9517621994018555
    },
    "eta": {
      "mean": -0.3620948791503906,
      "std": 1.5035203695297241,
      "median": -0.3548036813735962,
      "min": -8.141963005065918,
      "max": 8.533650398254395
    },
    "theta_deg": {
      "mean": 102.80848693847656,
      "std": 52.665897369384766
    },
    "phi_deg": {
      "mean": 179.9691619873047,
      "std": 103.81754302978516
    }
  },
  "unmodified": {
    "n_events": 1000,
    "n_total_particles": 443280,
    "system_label": "Xe-129+Au-197 @ 3.0 GeV",
    "sqrt_s_NN": 3.0,
    "A1": 129,
    "Z1": 54,
    "A2": 197,
    "Z2": 79,
    "n_avg_per_event": 443.28,
    "n_std_per_event": 18.86641460373433,
    "pt": {
      "mean": 0.44155964255332947,
      "std": 0.31610819697380066,
      "median": 0.3669138550758362,
      "min": 0.0002088772162096575,
      "max": 2.936936616897583
    },
    "y": {
      "mean": -0.17054636776447296,
      "std": 0.7077810764312744,
      "median": -0.20853233337402344,
      "min": -3.044346570968628,
      "max": 2.719116687774658
    },
    "eta": {
      "mean": -0.35708433389663696,
      "std": 1.4647271633148193,
      "median": -0.350618839263916,
      "min": -7.547442436218262,
      "max": 7.234615802764893
    },
    "theta_deg": {
      "mean": 102.74603271484375,
      "std": 52.05779266357422
    },
    "phi_deg": {
      "mean": 179.87930297851562,
      "std": 103.87203216552734
    }
  },
  "cumulative": {
    "total_events_modified": 1000,
    "total_events_unmodified": 1000,
    "total_particles_modified": 441392,
    "total_particles_unmodified": 443280,
    "signatures_detected": 1,
    "avg_multiplicity_modified": 441.392,
    "avg_multiplicity_unmodified": 443.28,
    "forbidden_breakdown_modified": {
      "very_forward": 0,
      "very_backward": 2,
      "impossible_kin": 0,
      "extreme_sideways": 314
    },
    "forbidden_breakdown_unmodified": {
      "very_forward": 0,
      "very_backward": 0,
      "impossible_kin": 0,
      "extreme_sideways": 299
    },
    "total_forbidden_modified": 316,
    "total_forbidden_unmodified": 299,
    "n_angular_samples_modified": 441392,
    "n_angular_samples_unmodified": 443280
  }
}