{
  "run_name": "run_1",
  "modified": {
    "n_events": 10000,
    "n_total_particles": 3937109,
    "system_label": "Xe-129+Au-197 @ 2.0 GeV",
    "sqrt_s_NN": 2.0,
    "A1": 129,
    "Z1": 54,
    "A2": 197,
    "Z2": 79,
    "n_avg_per_event": 393.7109,
    "n_std_per_event": 11.77758554161251,
    "pt": {
      "mean": 0.41930657625198364,
      "std": 0.29169797897338867,
      "median": 0.3542148470878601,
      "min": 0.00022288439504336566,
      "max": 2.9990830421447754
    },
    "y": {
      "mean": 0.8923848867416382,
      "std": 0.6268548369407654,
      "median": 0.9372167587280273,
      "min": -2.1746883392333984,
      "max": 3.6474101543426514
    },
    "eta": {
      "mean": 1.531895637512207,
      "std": 1.2628093957901,
      "median": 1.504098653793335,
      "min": -7.118938446044922,
      "max": 9.454212188720703
    },
    "theta_deg": {
      "mean": 37.30446243286133,
      "std": 36.37868881225586
    },
    "phi_deg": {
      "mean": 180.0434112548828,
      "std": 103.564697265625
    }
  },
  "unmodified": {
    "n_events": 10000,
    "n_total_particles": 3942496,
    "system_label": "Xe-129+Au-197 @ 2.0 GeV",
    "sqrt_s_NN": 2.0,
    "A1": 129,
    "Z1": 54,
    "A2": 197,
    "Z2": 79,
    "n_avg_per_event": 394.2496,
    "n_std_per_event": 11.962169528977592,
    "pt": {
      "mean": 0.4270676076412201,
      "std": 0.2932806611061096,
      "median": 0.36341774463653564,
      "min": 9.061944183486048e-06,
      "max": 2.9474265575408936
    },
    "y": {
      "mean": 0.8922028541564941,
      "std": 0.6192433834075928,
      "median": 0.9329436421394348,
      "min": -2.199451208114624,
      "max": 3.9310150146484375
    },
    "eta": {
      "mean": 1.5303406715393066,
      "std": 1.22354257106781,
      "median": 1.4974925518035889,
      "min": -6.613938331604004,
      "max": 13.106332778930664
    },
    "theta_deg": {
      "mean": 36.8155517578125,
      "std": 35.16603088378906
    },
    "phi_deg": {
      "mean": 179.98463439941406,
      "std": 103.60305786132812
    }
  },
  "cumulative": {
    "total_events_modified": 10000,
    "total_events_unmodified": 10000,
    "total_particles_modified": 3937109,
    "total_particles_unmodified": 3942496,
    "signatures_detected": 0,
    "avg_multiplicity_modified": 393.7109,
    "avg_multiplicity_unmodified": 394.2496,
    "forbidden_breakdown_modified": {
      "very_forward": 4800,
      "very_backward": 0,
      "impossible_kin": 0,
      "extreme_sideways": 83
    },
    "forbidden_breakdown_unmodified": {
      "very_forward": 4926,
      "very_backward": 0,
      "impossible_kin": 0,
      "extreme_sideways": 103
    },
    "total_forbidden_modified": 4883,
    "total_forbidden_unmodified": 5029,
    "n_angular_samples_modified": 3937109,
    "n_angular_samples_unmodified": 3942496
  }
}