{
  "run_name": "run_2",
  "modified": {
    "n_events": 1000,
    "n_total_particles": 393791,
    "system_label": "Xe-129+Au-197 @ 2.0 GeV",
    "sqrt_s_NN": 2.0,
    "A1": 129,
    "Z1": 54,
    "A2": 197,
    "Z2": 79,
    "n_avg_per_event": 393.791,
    "n_std_per_event": 11.875492368739916,
    "pt": {
      "mean": 0.42228764295578003,
      "std": 0.29213622212409973,
      "median": 0.35817232728004456,
      "min": 0.0004168707237113267,
      "max": 3.1111879348754883
    },
    "y": {
      "mean": 0.8925145268440247,
      "std": 0.6241376996040344,
      "median": 0.934059739112854,
      "min": -1.839816927909851,
      "max": 3.507904529571533
    },
    "eta": {
      "mean": 1.5401134490966797,
      "std": 1.2469165325164795,
      "median": 1.500808596611023,
      "min": -5.164071559906006,
      "max": 9.09329891204834
    },
    "theta_deg": {
      "mean": 36.930545806884766,
      "std": 35.56843185424805
    },
    "phi_deg": {
      "mean": 180.00245666503906,
      "std": 103.56856536865234
    }
  },
  "unmodified": {
    "n_events": 1000,
    "n_total_particles": 394351,
    "system_label": "Xe-129+Au-197 @ 2.0 GeV",
    "sqrt_s_NN": 2.0,
    "A1": 129,
    "Z1": 54,
    "A2": 197,
    "Z2": 79,
    "n_avg_per_event": 394.351,
    "n_std_per_event": 11.871048774223784,
    "pt": {
      "mean": 0.4277259409427643,
      "std": 0.29346081614494324,
      "median": 0.36421334743499756,
      "min": 9.061944183486048e-06,
      "max": 2.51895809173584
    },
    "y": {
      "mean": 0.8920813202857971,
      "std": 0.6184581518173218,
      "median": 0.932877779006958,
      "min": -2.0057663917541504,
      "max": 3.7605438232421875
    },
    "eta": {
      "mean": 1.529044270515442,
      "std": 1.221360206604004,
      "median": 1.497238039970398,
      "min": -6.208639144897461,
      "max": 13.106332778930664
    },
    "theta_deg": {
      "mean": 36.805789947509766,
      "std": 35.13057327270508
    },
    "phi_deg": {
      "mean": 180.0460205078125,
      "std": 103.68123626708984
    }
  },
  "cumulative": {
    "total_events_modified": 1000,
    "total_events_unmodified": 1000,
    "total_particles_modified": 393791,
    "total_particles_unmodified": 394351,
    "signatures_detected": 0,
    "avg_multiplicity_modified": 393.791,
    "avg_multiplicity_unmodified": 394.351,
    "forbidden_breakdown_modified": {
      "very_forward": 491,
      "very_backward": 0,
      "impossible_kin": 0,
      "extreme_sideways": 11
    },
    "forbidden_breakdown_unmodified": {
      "very_forward": 484,
      "very_backward": 0,
      "impossible_kin": 0,
      "extreme_sideways": 8
    },
    "total_forbidden_modified": 502,
    "total_forbidden_unmodified": 492,
    "n_angular_samples_modified": 393791,
    "n_angular_samples_unmodified": 394351
  }
}