{
  "run_name": "run_4",
  "modified": {
    "n_events": 10000,
    "n_total_particles": 9876812,
    "system_label": "Au+Au @ 10.0 GeV",
    "sqrt_s_NN": 10.0,
    "A1": 197,
    "Z1": 79,
    "A2": 197,
    "Z2": 79,
    "n_avg_per_event": 987.6812,
    "n_std_per_event": 18.92362456190674,
    "pt": {
      "mean": 0.4684838652610779,
      "std": 0.35442325472831726,
      "median": 0.3736173212528229,
      "min": 0.00015383900608867407,
      "max": 4.165681838989258
    },
    "y": {
      "mean": 6.974862481001765e-05,
      "std": 0.8474249839782715,
      "median": 0.00031083100475370884,
      "min": -3.982794761657715,
      "max": 3.802974224090576
    },
    "eta": {
      "mean": 5.187180431676097e-05,
      "std": 1.2727460861206055,
      "median": 0.0004393231065478176,
      "min": -9.69311809539795,
      "max": 9.42563533782959
    },
    "theta_deg": {
      "mean": 89.99030303955078,
      "std": 48.91951370239258
    },
    "phi_deg": {
      "mean": 180.012451171875,
      "std": 103.92493438720703
    }
  },
  "unmodified": {
    "n_events": 10000,
    "n_total_particles": 9902468,
    "system_label": "Au+Au @ 10.0 GeV",
    "sqrt_s_NN": 10.0,
    "A1": 197,
    "Z1": 79,
    "A2": 197,
    "Z2": 79,
    "n_avg_per_event": 990.2468,
    "n_std_per_event": 19.104739981481035,
    "pt": {
      "mean": 0.4698205590248108,
      "std": 0.3549630343914032,
      "median": 0.3750167787075043,
      "min": 0.00012659969797823578,
      "max": 4.36406946182251
    },
    "y": {
      "mean": -0.0001723264140309766,
      "std": 0.8447951674461365,
      "median": -0.0004722022858913988,
      "min": -3.7625670433044434,
      "max": 3.813387393951416
    },
    "eta": {
      "mean": -0.00032571249175816774,
      "std": 1.2612890005111694,
      "median": -0.0006601419299840927,
      "min": -9.552760124206543,
      "max": 8.682624816894531
    },
    "theta_deg": {
      "mean": 90.01891326904297,
      "std": 48.79109191894531
    },
    "phi_deg": {
      "mean": 180.016845703125,
      "std": 103.91838836669922
    }
  },
  "cumulative": {
    "total_events_modified": 10000,
    "total_events_unmodified": 10000,
    "total_particles_modified": 9876812,
    "total_particles_unmodified": 9902468,
    "signatures_detected": 3,
    "avg_multiplicity_modified": 987.6812,
    "avg_multiplicity_unmodified": 990.2468,
    "forbidden_breakdown_modified": {
      "very_forward": 223,
      "very_backward": 796,
      "impossible_kin": 0,
      "extreme_sideways": 11920
    },
    "forbidden_breakdown_unmodified": {
      "very_forward": 212,
      "very_backward": 767,
      "impossible_kin": 0,
      "extreme_sideways": 11855
    },
    "n_angular_samples_modified": 9876812,
    "n_angular_samples_unmodified": 9902468
  }
}