{
  "run_name": "run_1",
  "modified": {
    "n_events": 10000,
    "n_total_particles": 9871940,
    "system_label": "Au+Au @ 10.0 GeV",
    "sqrt_s_NN": 10.0,
    "A1": 197,
    "Z1": 79,
    "A2": 197,
    "Z2": 79,
    "n_avg_per_event": 987.194,
    "n_std_per_event": 19.274775329429914,
    "pt": {
      "mean": 0.46880999207496643,
      "std": 0.3548252582550049,
      "median": 0.3738839626312256,
      "min": 0.000106264982605353,
      "max": 4.883602619171143
    },
    "y": {
      "mean": -0.00017504840798210353,
      "std": 0.8473943471908569,
      "median": -0.00021940813167020679,
      "min": -3.9686341285705566,
      "max": 3.988253355026245
    },
    "eta": {
      "mean": -0.00039466426824219525,
      "std": 1.2727946043014526,
      "median": -0.0003104323986917734,
      "min": -8.754249572753906,
      "max": 9.109935760498047
    },
    "theta_deg": {
      "mean": 90.0130386352539,
      "std": 48.91960525512695
    },
    "phi_deg": {
      "mean": 180.00152587890625,
      "std": 103.92044830322266
    }
  },
  "unmodified": {
    "n_events": 10000,
    "n_total_particles": 9897966,
    "system_label": "Au+Au @ 10.0 GeV",
    "sqrt_s_NN": 10.0,
    "A1": 197,
    "Z1": 79,
    "A2": 197,
    "Z2": 79,
    "n_avg_per_event": 989.7966,
    "n_std_per_event": 19.321170472825916,
    "pt": {
      "mean": 0.4698430001735687,
      "std": 0.3550097644329071,
      "median": 0.3749687671661377,
      "min": 0.00013549908180721104,
      "max": 4.2545928955078125
    },
    "y": {
      "mean": -0.0002084769803332165,
      "std": 0.8449686765670776,
      "median": -0.0002887486480176449,
      "min": -3.7061498165130615,
      "max": 3.771552562713623
    },
    "eta": {
      "mean": -4.997062933398411e-05,
      "std": 1.2618149518966675,
      "median": -0.00040469327359460294,
      "min": -9.816316604614258,
      "max": 9.141745567321777
    },
    "theta_deg": {
      "mean": 90.011474609375,
      "std": 48.80424880981445
    },
    "phi_deg": {
      "mean": 179.97869873046875,
      "std": 103.92150115966797
    }
  },
  "cumulative": {
    "total_events_modified": 10000,
    "total_events_unmodified": 10000,
    "total_particles_modified": 9871940,
    "total_particles_unmodified": 9897966,
    "signatures_detected": 3,
    "avg_multiplicity_modified": 987.194,
    "avg_multiplicity_unmodified": 989.7966,
    "forbidden_breakdown_modified": {
      "very_forward": 199,
      "very_backward": 850,
      "impossible_kin": 0,
      "extreme_sideways": 11840
    },
    "forbidden_breakdown_unmodified": {
      "very_forward": 229,
      "very_backward": 792,
      "impossible_kin": 0,
      "extreme_sideways": 11964
    },
    "n_angular_samples_modified": 9871940,
    "n_angular_samples_unmodified": 9897966
  }
}