{
  "run_name": "run_8",
  "modified": {
    "n_events": 1000,
    "n_total_particles": 527368,
    "system_label": "Xe-129+Au-197 @ 5.0 GeV",
    "sqrt_s_NN": 5.0,
    "A1": 129,
    "Z1": 54,
    "A2": 197,
    "Z2": 79,
    "n_avg_per_event": 527.368,
    "n_std_per_event": 30.2275797244834,
    "pt": {
      "mean": 0.44469502568244934,
      "std": 0.33400964736938477,
      "median": 0.35777807235717773,
      "min": 0.00047869986156001687,
      "max": 3.9344043731689453
    },
    "y": {
      "mean": 1.2447484731674194,
      "std": 0.8166578412055969,
      "median": 1.2780166864395142,
      "min": -2.085545778274536,
      "max": 4.297619819641113
    },
    "eta": {
      "mean": 1.750564455986023,
      "std": 1.342411994934082,
      "median": 1.7200562953948975,
      "min": -6.773112773895264,
      "max": 8.770807266235352
    },
    "theta_deg": {
      "mean": 32.723663330078125,
      "std": 35.496463775634766
    },
    "phi_deg": {
      "mean": 179.9988555908203,
      "std": 104.05702209472656
    }
  },
  "unmodified": {
    "n_events": 1000,
    "n_total_particles": 534658,
    "system_label": "Xe-129+Au-197 @ 5.0 GeV",
    "sqrt_s_NN": 5.0,
    "A1": 129,
    "Z1": 54,
    "A2": 197,
    "Z2": 79,
    "n_avg_per_event": 534.658,
    "n_std_per_event": 31.742416984218448,
    "pt": {
      "mean": 0.45246389508247375,
      "std": 0.33697575330734253,
      "median": 0.3654683232307434,
      "min": 0.0001313590764766559,
      "max": 3.498514175415039
    },
    "y": {
      "mean": 1.2412930727005005,
      "std": 0.8019370436668396,
      "median": 1.2659469842910767,
      "min": -2.244739294052124,
      "max": 4.430336952209473
    },
    "eta": {
      "mean": 1.758247971534729,
      "std": 1.2906512022018433,
      "median": 1.7051608562469482,
      "min": -7.916334629058838,
      "max": 8.975883483886719
    },
    "theta_deg": {
      "mean": 31.88762855529785,
      "std": 33.245338439941406
    },
    "phi_deg": {
      "mean": 180.09408569335938,
      "std": 104.03084564208984
    }
  },
  "cumulative": {
    "total_events_modified": 1000,
    "total_events_unmodified": 1000,
    "total_particles_modified": 527368,
    "total_particles_unmodified": 534658,
    "signatures_detected": 0,
    "avg_multiplicity_modified": 527.368,
    "avg_multiplicity_unmodified": 534.658,
    "forbidden_breakdown_modified": {
      "very_forward": 9720,
      "very_backward": 0,
      "impossible_kin": 0,
      "extreme_sideways": 14
    },
    "forbidden_breakdown_unmodified": {
      "very_forward": 9502,
      "very_backward": 0,
      "impossible_kin": 0,
      "extreme_sideways": 13
    },
    "total_forbidden_modified": 9734,
    "total_forbidden_unmodified": 9515,
    "n_angular_samples_modified": 527368,
    "n_angular_samples_unmodified": 534658
  }
}