{
  "run_name": "run_4",
  "modified": {
    "n_events": 1000,
    "n_total_particles": 526448,
    "system_label": "Xe-129+Au-197 @ 5.0 GeV",
    "sqrt_s_NN": 5.0,
    "A1": 129,
    "Z1": 54,
    "A2": 197,
    "Z2": 79,
    "n_avg_per_event": 526.448,
    "n_std_per_event": 31.665395876255833,
    "pt": {
      "mean": 0.44593483209609985,
      "std": 0.3357698321342468,
      "median": 0.3578592538833618,
      "min": 0.0003398015978746116,
      "max": 3.124509811401367
    },
    "y": {
      "mean": -0.18092340230941772,
      "std": 0.8164740800857544,
      "median": -0.20985974371433258,
      "min": -3.2573044300079346,
      "max": 3.0934395790100098
    },
    "eta": {
      "mean": -0.3418397009372711,
      "std": 1.5411158800125122,
      "median": -0.3217337131500244,
      "min": -8.047085762023926,
      "max": 9.233985900878906
    },
    "theta_deg": {
      "mean": 101.77027130126953,
      "std": 52.9152946472168
    },
    "phi_deg": {
      "mean": 179.86099243164062,
      "std": 104.09320068359375
    }
  },
  "unmodified": {
    "n_events": 1000,
    "n_total_particles": 532283,
    "system_label": "Xe-129+Au-197 @ 5.0 GeV",
    "sqrt_s_NN": 5.0,
    "A1": 129,
    "Z1": 54,
    "A2": 197,
    "Z2": 79,
    "n_avg_per_event": 532.283,
    "n_std_per_event": 32.14509155376603,
    "pt": {
      "mean": 0.45251697301864624,
      "std": 0.33707529306411743,
      "median": 0.36600932478904724,
      "min": 0.0003730290336534381,
      "max": 3.3202764987945557
    },
    "y": {
      "mean": -0.18045370280742645,
      "std": 0.804441511631012,
      "median": -0.20441089570522308,
      "min": -3.1386659145355225,
      "max": 3.425873279571533
    },
    "eta": {
      "mean": -0.33828818798065186,
      "std": 1.4889394044876099,
      "median": -0.3131018579006195,
      "min": -8.328747749328613,
      "max": 8.54669189453125
    },
    "theta_deg": {
      "mean": 101.70227813720703,
      "std": 52.1055793762207
    },
    "phi_deg": {
      "mean": 180.13690185546875,
      "std": 104.1044921875
    }
  },
  "cumulative": {
    "total_events_modified": 1000,
    "total_events_unmodified": 1000,
    "total_particles_modified": 526448,
    "total_particles_unmodified": 532283,
    "signatures_detected": 0,
    "avg_multiplicity_modified": 526.448,
    "avg_multiplicity_unmodified": 532.283,
    "forbidden_breakdown_modified": {
      "very_forward": 2,
      "very_backward": 23,
      "impossible_kin": 0,
      "extreme_sideways": 437
    },
    "forbidden_breakdown_unmodified": {
      "very_forward": 2,
      "very_backward": 23,
      "impossible_kin": 0,
      "extreme_sideways": 510
    },
    "total_forbidden_modified": 462,
    "total_forbidden_unmodified": 535,
    "n_angular_samples_modified": 526448,
    "n_angular_samples_unmodified": 532283
  }
}