{
  "run_name": "run_5",
  "modified": {
    "n_events": 1000,
    "n_total_particles": 528067,
    "system_label": "Xe-129+Au-197 @ 5.0 GeV",
    "sqrt_s_NN": 5.0,
    "A1": 129,
    "Z1": 54,
    "A2": 197,
    "Z2": 79,
    "n_avg_per_event": 528.067,
    "n_std_per_event": 31.0357295870421,
    "pt": {
      "mean": 0.4463927447795868,
      "std": 0.3350678086280823,
      "median": 0.3589605689048767,
      "min": 0.0002247974625788629,
      "max": 3.119819402694702
    },
    "y": {
      "mean": -0.18190839886665344,
      "std": 0.814781129360199,
      "median": -0.20960892736911774,
      "min": -3.2054696083068848,
      "max": 3.159172296524048
    },
    "eta": {
      "mean": -0.3395783007144928,
      "std": 1.5310074090957642,
      "median": -0.3221229910850525,
      "min": -8.504805564880371,
      "max": 8.318883895874023
    },
    "theta_deg": {
      "mean": 101.8048095703125,
      "std": 52.77810287475586
    },
    "phi_deg": {
      "mean": 179.80294799804688,
      "std": 104.0276870727539
    }
  },
  "unmodified": {
    "n_events": 1000,
    "n_total_particles": 531707,
    "system_label": "Xe-129+Au-197 @ 5.0 GeV",
    "sqrt_s_NN": 5.0,
    "A1": 129,
    "Z1": 54,
    "A2": 197,
    "Z2": 79,
    "n_avg_per_event": 531.707,
    "n_std_per_event": 31.504652846841527,
    "pt": {
      "mean": 0.451063871383667,
      "std": 0.3361935615539551,
      "median": 0.36444270610809326,
      "min": 0.00038545241113752127,
      "max": 3.06516170501709
    },
    "y": {
      "mean": -0.18012204766273499,
      "std": 0.8072025179862976,
      "median": -0.20464453101158142,
      "min": -3.4133570194244385,
      "max": 3.2983388900756836
    },
    "eta": {
      "mean": -0.3375675082206726,
      "std": 1.4944722652435303,
      "median": -0.31357505917549133,
      "min": -7.925858020782471,
      "max": 7.582943439483643
    },
    "theta_deg": {
      "mean": 101.67823028564453,
      "std": 52.26491165161133
    },
    "phi_deg": {
      "mean": 180.07623291015625,
      "std": 104.08265686035156
    }
  },
  "cumulative": {
    "total_events_modified": 1000,
    "total_events_unmodified": 1000,
    "total_particles_modified": 528067,
    "total_particles_unmodified": 531707,
    "signatures_detected": 0,
    "avg_multiplicity_modified": 528.067,
    "avg_multiplicity_unmodified": 531.707,
    "forbidden_breakdown_modified": {
      "very_forward": 1,
      "very_backward": 21,
      "impossible_kin": 0,
      "extreme_sideways": 463
    },
    "forbidden_breakdown_unmodified": {
      "very_forward": 1,
      "very_backward": 29,
      "impossible_kin": 0,
      "extreme_sideways": 471
    },
    "total_forbidden_modified": 485,
    "total_forbidden_unmodified": 501,
    "n_angular_samples_modified": 528067,
    "n_angular_samples_unmodified": 531707
  }
}