{
  "run_name": "run_2",
  "modified": {
    "n_events": 1000,
    "n_total_particles": 528611,
    "system_label": "Xe-129+Au-197 @ 5.0 GeV",
    "sqrt_s_NN": 5.0,
    "A1": 129,
    "Z1": 54,
    "A2": 197,
    "Z2": 79,
    "n_avg_per_event": 528.611,
    "n_std_per_event": 31.346988356140372,
    "pt": {
      "mean": 0.44521772861480713,
      "std": 0.3344947099685669,
      "median": 0.357655793428421,
      "min": 0.00012566779332701117,
      "max": 3.886441707611084
    },
    "y": {
      "mean": -0.18123580515384674,
      "std": 0.8146600723266602,
      "median": -0.2093813568353653,
      "min": -3.1293094158172607,
      "max": 3.0587966442108154
    },
    "eta": {
      "mean": -0.3401517868041992,
      "std": 1.5333361625671387,
      "median": -0.3212752342224121,
      "min": -10.076956748962402,
      "max": 7.730639457702637
    },
    "theta_deg": {
      "mean": 101.77098083496094,
      "std": 52.78660583496094
    },
    "phi_deg": {
      "mean": 179.89572143554688,
      "std": 104.02168273925781
    }
  },
  "unmodified": {
    "n_events": 1000,
    "n_total_particles": 531787,
    "system_label": "Xe-129+Au-197 @ 5.0 GeV",
    "sqrt_s_NN": 5.0,
    "A1": 129,
    "Z1": 54,
    "A2": 197,
    "Z2": 79,
    "n_avg_per_event": 531.787,
    "n_std_per_event": 32.15303455352232,
    "pt": {
      "mean": 0.4520299732685089,
      "std": 0.33639049530029297,
      "median": 0.3658091127872467,
      "min": 3.953848863602616e-05,
      "max": 3.3947081565856934
    },
    "y": {
      "mean": -0.18119242787361145,
      "std": 0.8064085841178894,
      "median": -0.20727582275867462,
      "min": -3.2996575832366943,
      "max": 3.143911600112915
    },
    "eta": {
      "mean": -0.3371242880821228,
      "std": 1.489514708518982,
      "median": -0.31922245025634766,
      "min": -9.244569778442383,
      "max": 7.550881385803223
    },
    "theta_deg": {
      "mean": 101.76773071289062,
      "std": 52.18456268310547
    },
    "phi_deg": {
      "mean": 180.0615692138672,
      "std": 104.05754089355469
    }
  },
  "cumulative": {
    "total_events_modified": 1000,
    "total_events_unmodified": 1000,
    "total_particles_modified": 528611,
    "total_particles_unmodified": 531787,
    "signatures_detected": 0,
    "avg_multiplicity_modified": 528.611,
    "avg_multiplicity_unmodified": 531.787,
    "forbidden_breakdown_modified": {
      "very_forward": 1,
      "very_backward": 15,
      "impossible_kin": 0,
      "extreme_sideways": 451
    },
    "forbidden_breakdown_unmodified": {
      "very_forward": 0,
      "very_backward": 19,
      "impossible_kin": 0,
      "extreme_sideways": 518
    },
    "total_forbidden_modified": 467,
    "total_forbidden_unmodified": 537,
    "n_angular_samples_modified": 528611,
    "n_angular_samples_unmodified": 531787
  }
}