{
  "run_name": "run_7",
  "modified": {
    "n_events": 1000,
    "n_total_particles": 527768,
    "system_label": "Xe-129+Au-197 @ 5.0 GeV",
    "sqrt_s_NN": 5.0,
    "A1": 129,
    "Z1": 54,
    "A2": 197,
    "Z2": 79,
    "n_avg_per_event": 527.768,
    "n_std_per_event": 29.881636099785432,
    "pt": {
      "mean": 0.44514280557632446,
      "std": 0.33454185724258423,
      "median": 0.3571937084197998,
      "min": 0.0004940988146699965,
      "max": 3.186846971511841
    },
    "y": {
      "mean": -0.18216842412948608,
      "std": 0.8157115578651428,
      "median": -0.2101297378540039,
      "min": -3.223456621170044,
      "max": 3.194136142730713
    },
    "eta": {
      "mean": -0.3411765992641449,
      "std": 1.536651372909546,
      "median": -0.3229929804801941,
      "min": -8.729623794555664,
      "max": 7.64562463760376
    },
    "theta_deg": {
      "mean": 101.8316879272461,
      "std": 52.85163116455078
    },
    "phi_deg": {
      "mean": 180.14019775390625,
      "std": 104.04183959960938
    }
  },
  "unmodified": {
    "n_events": 1000,
    "n_total_particles": 531256,
    "system_label": "Xe-129+Au-197 @ 5.0 GeV",
    "sqrt_s_NN": 5.0,
    "A1": 129,
    "Z1": 54,
    "A2": 197,
    "Z2": 79,
    "n_avg_per_event": 531.256,
    "n_std_per_event": 30.3368499353509,
    "pt": {
      "mean": 0.45114487409591675,
      "std": 0.33640140295028687,
      "median": 0.3639470934867859,
      "min": 0.00037374687963165343,
      "max": 3.4510183334350586
    },
    "y": {
      "mean": -0.17952130734920502,
      "std": 0.8080318570137024,
      "median": -0.20446917414665222,
      "min": -3.3815627098083496,
      "max": 3.1862096786499023
    },
    "eta": {
      "mean": -0.33886563777923584,
      "std": 1.4959670305252075,
      "median": -0.3149339258670807,
      "min": -8.98905086517334,
      "max": 7.061948776245117
    },
    "theta_deg": {
      "mean": 101.69788360595703,
      "std": 52.28787612915039
    },
    "phi_deg": {
      "mean": 180.04164123535156,
      "std": 104.0497817993164
    }
  },
  "cumulative": {
    "total_events_modified": 1000,
    "total_events_unmodified": 1000,
    "total_particles_modified": 527768,
    "total_particles_unmodified": 531256,
    "signatures_detected": 1,
    "avg_multiplicity_modified": 527.768,
    "avg_multiplicity_unmodified": 531.256,
    "forbidden_breakdown_modified": {
      "very_forward": 1,
      "very_backward": 25,
      "impossible_kin": 0,
      "extreme_sideways": 495
    },
    "forbidden_breakdown_unmodified": {
      "very_forward": 0,
      "very_backward": 23,
      "impossible_kin": 0,
      "extreme_sideways": 470
    },
    "total_forbidden_modified": 521,
    "total_forbidden_unmodified": 493,
    "n_angular_samples_modified": 527768,
    "n_angular_samples_unmodified": 531256
  }
}