{
  "run_name": "run_10",
  "modified": {
    "n_events": 1000,
    "n_total_particles": 528375,
    "system_label": "Xe-129+Au-197 @ 5.0 GeV",
    "sqrt_s_NN": 5.0,
    "A1": 129,
    "Z1": 54,
    "A2": 197,
    "Z2": 79,
    "n_avg_per_event": 528.375,
    "n_std_per_event": 30.833688961913072,
    "pt": {
      "mean": 0.446397989988327,
      "std": 0.33507901430130005,
      "median": 0.3595048189163208,
      "min": 0.00019868793606292456,
      "max": 3.070603609085083
    },
    "y": {
      "mean": -0.1811993569135666,
      "std": 0.814472496509552,
      "median": -0.2097485214471817,
      "min": -3.56105375289917,
      "max": 3.031174421310425
    },
    "eta": {
      "mean": -0.3396334946155548,
      "std": 1.5330207347869873,
      "median": -0.32196366786956787,
      "min": -8.067025184631348,
      "max": 8.417920112609863
    },
    "theta_deg": {
      "mean": 101.7747802734375,
      "std": 52.74843215942383
    },
    "phi_deg": {
      "mean": 179.88441467285156,
      "std": 104.02666473388672
    }
  },
  "unmodified": {
    "n_events": 1000,
    "n_total_particles": 532751,
    "system_label": "Xe-129+Au-197 @ 5.0 GeV",
    "sqrt_s_NN": 5.0,
    "A1": 129,
    "Z1": 54,
    "A2": 197,
    "Z2": 79,
    "n_avg_per_event": 532.751,
    "n_std_per_event": 30.739242004317543,
    "pt": {
      "mean": 0.45296746492385864,
      "std": 0.336812287569046,
      "median": 0.366264671087265,
      "min": 0.0006381655693985522,
      "max": 3.035099506378174
    },
    "y": {
      "mean": -0.18123361468315125,
      "std": 0.804254412651062,
      "median": -0.20466746389865875,
      "min": -3.4426259994506836,
      "max": 3.28537654876709
    },
    "eta": {
      "mean": -0.3378543555736542,
      "std": 1.484379529953003,
      "median": -0.315050333738327,
      "min": -8.614188194274902,
      "max": 8.247770309448242
    },
    "theta_deg": {
      "mean": 101.74592590332031,
      "std": 52.055057525634766
    },
    "phi_deg": {
      "mean": 179.9119873046875,
      "std": 104.07240295410156
    }
  },
  "cumulative": {
    "total_events_modified": 1000,
    "total_events_unmodified": 1000,
    "total_particles_modified": 528375,
    "total_particles_unmodified": 532751,
    "signatures_detected": 0,
    "avg_multiplicity_modified": 528.375,
    "avg_multiplicity_unmodified": 532.751,
    "forbidden_breakdown_modified": {
      "very_forward": 0,
      "very_backward": 18,
      "impossible_kin": 0,
      "extreme_sideways": 472
    },
    "forbidden_breakdown_unmodified": {
      "very_forward": 1,
      "very_backward": 17,
      "impossible_kin": 0,
      "extreme_sideways": 514
    },
    "total_forbidden_modified": 490,
    "total_forbidden_unmodified": 532,
    "n_angular_samples_modified": 528375,
    "n_angular_samples_unmodified": 532751
  }
}