{
  "run_name": "run_8",
  "modified": {
    "n_events": 1000,
    "n_total_particles": 394793,
    "system_label": "Xe-129+Au-197 @ 2.0 GeV",
    "sqrt_s_NN": 2.0,
    "A1": 129,
    "Z1": 54,
    "A2": 197,
    "Z2": 79,
    "n_avg_per_event": 394.793,
    "n_std_per_event": 11.775574338434623,
    "pt": {
      "mean": 0.4251008629798889,
      "std": 0.2930310070514679,
      "median": 0.36111125349998474,
      "min": 0.0005074894288554788,
      "max": 2.6838510036468506
    },
    "y": {
      "mean": 0.8919933438301086,
      "std": 0.6201278567314148,
      "median": 0.9311365485191345,
      "min": -2.2087278366088867,
      "max": 3.5749013423919678
    },
    "eta": {
      "mean": 1.5375845432281494,
      "std": 1.2312934398651123,
      "median": 1.497298002243042,
      "min": -6.380146026611328,
      "max": 8.694358825683594
    },
    "theta_deg": {
      "mean": 36.755462646484375,
      "std": 35.086402893066406
    },
    "phi_deg": {
      "mean": 180.21087646484375,
      "std": 103.54761505126953
    }
  },
  "unmodified": {
    "n_events": 1000,
    "n_total_particles": 394114,
    "system_label": "Xe-129+Au-197 @ 2.0 GeV",
    "sqrt_s_NN": 2.0,
    "A1": 129,
    "Z1": 54,
    "A2": 197,
    "Z2": 79,
    "n_avg_per_event": 394.114,
    "n_std_per_event": 11.696452624620852,
    "pt": {
      "mean": 0.4257451593875885,
      "std": 0.2930155098438263,
      "median": 0.3612591624259949,
      "min": 0.00042175932321697474,
      "max": 2.909101963043213
    },
    "y": {
      "mean": 0.8924040794372559,
      "std": 0.6200734376907349,
      "median": 0.9329620003700256,
      "min": -1.953926920890808,
      "max": 3.9310150146484375
    },
    "eta": {
      "mean": 1.5333819389343262,
      "std": 1.2269883155822754,
      "median": 1.4999680519104004,
      "min": -5.791619300842285,
      "max": 9.285566329956055
    },
    "theta_deg": {
      "mean": 36.80989456176758,
      "std": 35.2031135559082
    },
    "phi_deg": {
      "mean": 179.88754272460938,
      "std": 103.60607147216797
    }
  },
  "cumulative": {
    "total_events_modified": 1000,
    "total_events_unmodified": 1000,
    "total_particles_modified": 394793,
    "total_particles_unmodified": 394114,
    "signatures_detected": 0,
    "avg_multiplicity_modified": 394.793,
    "avg_multiplicity_unmodified": 394.114,
    "forbidden_breakdown_modified": {
      "very_forward": 471,
      "very_backward": 0,
      "impossible_kin": 0,
      "extreme_sideways": 8
    },
    "forbidden_breakdown_unmodified": {
      "very_forward": 476,
      "very_backward": 0,
      "impossible_kin": 0,
      "extreme_sideways": 9
    },
    "total_forbidden_modified": 479,
    "total_forbidden_unmodified": 485,
    "n_angular_samples_modified": 394793,
    "n_angular_samples_unmodified": 394114
  }
}