{
  "run_name": "run_4",
  "modified": {
    "n_events": 1000,
    "n_total_particles": 393779,
    "system_label": "Xe-129+Au-197 @ 2.0 GeV",
    "sqrt_s_NN": 2.0,
    "A1": 129,
    "Z1": 54,
    "A2": 197,
    "Z2": 79,
    "n_avg_per_event": 393.779,
    "n_std_per_event": 12.169230008509166,
    "pt": {
      "mean": 0.42531272768974304,
      "std": 0.2937878668308258,
      "median": 0.3607074022293091,
      "min": 0.0005179781001061201,
      "max": 2.6662943363189697
    },
    "y": {
      "mean": 0.8926669359207153,
      "std": 0.6215510368347168,
      "median": 0.9331451058387756,
      "min": -2.010610342025757,
      "max": 3.5453755855560303
    },
    "eta": {
      "mean": 1.5378540754318237,
      "std": 1.2383387088775635,
      "median": 1.4985756874084473,
      "min": -6.240851402282715,
      "max": 8.947054862976074
    },
    "theta_deg": {
      "mean": 36.854705810546875,
      "std": 35.309906005859375
    },
    "phi_deg": {
      "mean": 180.08016967773438,
      "std": 103.6291275024414
    }
  },
  "unmodified": {
    "n_events": 1000,
    "n_total_particles": 394379,
    "system_label": "Xe-129+Au-197 @ 2.0 GeV",
    "sqrt_s_NN": 2.0,
    "A1": 129,
    "Z1": 54,
    "A2": 197,
    "Z2": 79,
    "n_avg_per_event": 394.379,
    "n_std_per_event": 12.21717475523699,
    "pt": {
      "mean": 0.42755362391471863,
      "std": 0.2930137515068054,
      "median": 0.36460795998573303,
      "min": 0.0007452002028003335,
      "max": 2.7382686138153076
    },
    "y": {
      "mean": 0.8924229741096497,
      "std": 0.618008553981781,
      "median": 0.9327541589736938,
      "min": -1.954474925994873,
      "max": 3.8207430839538574
    },
    "eta": {
      "mean": 1.5300185680389404,
      "std": 1.2209594249725342,
      "median": 1.498397707939148,
      "min": -6.470939636230469,
      "max": 8.174784660339355
    },
    "theta_deg": {
      "mean": 36.76915740966797,
      "std": 35.09272766113281
    },
    "phi_deg": {
      "mean": 179.91624450683594,
      "std": 103.59296417236328
    }
  },
  "cumulative": {
    "total_events_modified": 1000,
    "total_events_unmodified": 1000,
    "total_particles_modified": 393779,
    "total_particles_unmodified": 394379,
    "signatures_detected": 0,
    "avg_multiplicity_modified": 393.779,
    "avg_multiplicity_unmodified": 394.379,
    "forbidden_breakdown_modified": {
      "very_forward": 472,
      "very_backward": 0,
      "impossible_kin": 0,
      "extreme_sideways": 10
    },
    "forbidden_breakdown_unmodified": {
      "very_forward": 497,
      "very_backward": 0,
      "impossible_kin": 0,
      "extreme_sideways": 6
    },
    "total_forbidden_modified": 482,
    "total_forbidden_unmodified": 503,
    "n_angular_samples_modified": 393779,
    "n_angular_samples_unmodified": 394379
  }
}