{
  "run_name": "run_3",
  "modified": {
    "n_events": 1000,
    "n_total_particles": 394865,
    "system_label": "Xe-129+Au-197 @ 2.0 GeV",
    "sqrt_s_NN": 2.0,
    "A1": 129,
    "Z1": 54,
    "A2": 197,
    "Z2": 79,
    "n_avg_per_event": 394.865,
    "n_std_per_event": 12.014107332631916,
    "pt": {
      "mean": 0.4241107404232025,
      "std": 0.2933942675590515,
      "median": 0.35996872186660767,
      "min": 0.0005077348323538899,
      "max": 2.628269910812378
    },
    "y": {
      "mean": 0.8918038606643677,
      "std": 0.6216253042221069,
      "median": 0.9329289793968201,
      "min": -1.9159326553344727,
      "max": 3.507904529571533
    },
    "eta": {
      "mean": 1.5366628170013428,
      "std": 1.2389527559280396,
      "median": 1.4957345724105835,
      "min": -6.251679420471191,
      "max": 8.918745994567871
    },
    "theta_deg": {
      "mean": 36.874046325683594,
      "std": 35.28499984741211
    },
    "phi_deg": {
      "mean": 179.88201904296875,
      "std": 103.6351318359375
    }
  },
  "unmodified": {
    "n_events": 1000,
    "n_total_particles": 394378,
    "system_label": "Xe-129+Au-197 @ 2.0 GeV",
    "sqrt_s_NN": 2.0,
    "A1": 129,
    "Z1": 54,
    "A2": 197,
    "Z2": 79,
    "n_avg_per_event": 394.378,
    "n_std_per_event": 11.742023505341828,
    "pt": {
      "mean": 0.42704012989997864,
      "std": 0.2937292754650116,
      "median": 0.36308979988098145,
      "min": 0.000889380113221705,
      "max": 2.881645679473877
    },
    "y": {
      "mean": 0.8920046091079712,
      "std": 0.6190653443336487,
      "median": 0.9332910776138306,
      "min": -1.8323767185211182,
      "max": 3.4903981685638428
    },
    "eta": {
      "mean": 1.5295655727386475,
      "std": 1.2233765125274658,
      "median": 1.495898962020874,
      "min": -6.172505855560303,
      "max": 8.326878547668457
    },
    "theta_deg": {
      "mean": 36.826385498046875,
      "std": 35.16064453125
    },
    "phi_deg": {
      "mean": 179.9925079345703,
      "std": 103.68000793457031
    }
  },
  "cumulative": {
    "total_events_modified": 1000,
    "total_events_unmodified": 1000,
    "total_particles_modified": 394865,
    "total_particles_unmodified": 394378,
    "signatures_detected": 0,
    "avg_multiplicity_modified": 394.865,
    "avg_multiplicity_unmodified": 394.378,
    "forbidden_breakdown_modified": {
      "very_forward": 478,
      "very_backward": 0,
      "impossible_kin": 0,
      "extreme_sideways": 10
    },
    "forbidden_breakdown_unmodified": {
      "very_forward": 494,
      "very_backward": 0,
      "impossible_kin": 0,
      "extreme_sideways": 14
    },
    "total_forbidden_modified": 488,
    "total_forbidden_unmodified": 508,
    "n_angular_samples_modified": 394865,
    "n_angular_samples_unmodified": 394378
  }
}