{
  "run_name": "run_7",
  "modified": {
    "n_events": 1000,
    "n_total_particles": 394372,
    "system_label": "Xe-129+Au-197 @ 2.0 GeV",
    "sqrt_s_NN": 2.0,
    "A1": 129,
    "Z1": 54,
    "A2": 197,
    "Z2": 79,
    "n_avg_per_event": 394.372,
    "n_std_per_event": 11.695538294580544,
    "pt": {
      "mean": 0.419342964887619,
      "std": 0.29243648052215576,
      "median": 0.3531612455844879,
      "min": 0.0004588736337609589,
      "max": 2.4777839183807373
    },
    "y": {
      "mean": -0.15946395695209503,
      "std": 0.6261908411979675,
      "median": -0.19875800609588623,
      "min": -2.912198305130005,
      "max": 2.813960552215576
    },
    "eta": {
      "mean": -0.39076247811317444,
      "std": 1.4562212228775024,
      "median": -0.3690011203289032,
      "min": -8.42778491973877,
      "max": 7.079836368560791
    },
    "theta_deg": {
      "mean": 103.66670227050781,
      "std": 52.07179260253906
    },
    "phi_deg": {
      "mean": 179.98843383789062,
      "std": 103.6397933959961
    }
  },
  "unmodified": {
    "n_events": 1000,
    "n_total_particles": 394604,
    "system_label": "Xe-129+Au-197 @ 2.0 GeV",
    "sqrt_s_NN": 2.0,
    "A1": 129,
    "Z1": 54,
    "A2": 197,
    "Z2": 79,
    "n_avg_per_event": 394.604,
    "n_std_per_event": 11.955132119721638,
    "pt": {
      "mean": 0.42548197507858276,
      "std": 0.2922515273094177,
      "median": 0.36163797974586487,
      "min": 0.00021345711138565093,
      "max": 2.7294082641601562
    },
    "y": {
      "mean": -0.15959110856056213,
      "std": 0.6200785040855408,
      "median": -0.19941800832748413,
      "min": -2.7338500022888184,
      "max": 2.5555567741394043
    },
    "eta": {
      "mean": -0.37228718400001526,
      "std": 1.4198918342590332,
      "median": -0.37120410799980164,
      "min": -7.868473052978516,
      "max": 9.199198722839355
    },
    "theta_deg": {
      "mean": 103.5814208984375,
      "std": 51.43632507324219
    },
    "phi_deg": {
      "mean": 179.98721313476562,
      "std": 103.55706787109375
    }
  },
  "cumulative": {
    "total_events_modified": 1000,
    "total_events_unmodified": 1000,
    "total_particles_modified": 394372,
    "total_particles_unmodified": 394604,
    "signatures_detected": 0,
    "avg_multiplicity_modified": 394.372,
    "avg_multiplicity_unmodified": 394.604,
    "forbidden_breakdown_modified": {
      "very_forward": 0,
      "very_backward": 0,
      "impossible_kin": 0,
      "extreme_sideways": 142
    },
    "forbidden_breakdown_unmodified": {
      "very_forward": 0,
      "very_backward": 0,
      "impossible_kin": 0,
      "extreme_sideways": 157
    },
    "total_forbidden_modified": 142,
    "total_forbidden_unmodified": 157,
    "n_angular_samples_modified": 394372,
    "n_angular_samples_unmodified": 394604
  }
}