{
  "run_name": "run_4",
  "modified": {
    "n_events": 1000,
    "n_total_particles": 394950,
    "system_label": "Xe-129+Au-197 @ 2.0 GeV",
    "sqrt_s_NN": 2.0,
    "A1": 129,
    "Z1": 54,
    "A2": 197,
    "Z2": 79,
    "n_avg_per_event": 394.95,
    "n_std_per_event": 12.120787928183548,
    "pt": {
      "mean": 0.42032504081726074,
      "std": 0.29303833842277527,
      "median": 0.35470110177993774,
      "min": 0.00030013162177056074,
      "max": 2.4483370780944824
    },
    "y": {
      "mean": -0.1591968983411789,
      "std": 0.6239518523216248,
      "median": -0.1983824074268341,
      "min": -2.7473316192626953,
      "max": 2.8659512996673584
    },
    "eta": {
      "mean": -0.3892170786857605,
      "std": 1.453741431236267,
      "median": -0.3654816150665283,
      "min": -8.762594223022461,
      "max": 7.190675735473633
    },
    "theta_deg": {
      "mean": 103.65348815917969,
      "std": 51.912696838378906
    },
    "phi_deg": {
      "mean": 179.86282348632812,
      "std": 103.63550567626953
    }
  },
  "unmodified": {
    "n_events": 1000,
    "n_total_particles": 394860,
    "system_label": "Xe-129+Au-197 @ 2.0 GeV",
    "sqrt_s_NN": 2.0,
    "A1": 129,
    "Z1": 54,
    "A2": 197,
    "Z2": 79,
    "n_avg_per_event": 394.86,
    "n_std_per_event": 12.086041535589723,
    "pt": {
      "mean": 0.4269775152206421,
      "std": 0.29304882884025574,
      "median": 0.3635628819465637,
      "min": 0.0005854889168404043,
      "max": 2.745469331741333
    },
    "y": {
      "mean": -0.15881764888763428,
      "std": 0.6185277700424194,
      "median": -0.199379101395607,
      "min": -2.6477105617523193,
      "max": 2.751060962677002
    },
    "eta": {
      "mean": -0.3687143325805664,
      "std": 1.415338397026062,
      "median": -0.3695218563079834,
      "min": -8.076953887939453,
      "max": 7.245006084442139
    },
    "theta_deg": {
      "mean": 103.48519134521484,
      "std": 51.30525588989258
    },
    "phi_deg": {
      "mean": 180.0677490234375,
      "std": 103.65482330322266
    }
  },
  "cumulative": {
    "total_events_modified": 1000,
    "total_events_unmodified": 1000,
    "total_particles_modified": 394950,
    "total_particles_unmodified": 394860,
    "signatures_detected": 1,
    "avg_multiplicity_modified": 394.95,
    "avg_multiplicity_unmodified": 394.86,
    "forbidden_breakdown_modified": {
      "very_forward": 0,
      "very_backward": 1,
      "impossible_kin": 0,
      "extreme_sideways": 162
    },
    "forbidden_breakdown_unmodified": {
      "very_forward": 0,
      "very_backward": 0,
      "impossible_kin": 0,
      "extreme_sideways": 153
    },
    "total_forbidden_modified": 163,
    "total_forbidden_unmodified": 153,
    "n_angular_samples_modified": 394950,
    "n_angular_samples_unmodified": 394860
  }
}