{
  "run_name": "run_8",
  "modified": {
    "n_events": 1000,
    "n_total_particles": 394519,
    "system_label": "Xe-129+Au-197 @ 2.0 GeV",
    "sqrt_s_NN": 2.0,
    "A1": 129,
    "Z1": 54,
    "A2": 197,
    "Z2": 79,
    "n_avg_per_event": 394.519,
    "n_std_per_event": 12.240900252840886,
    "pt": {
      "mean": 0.419118195772171,
      "std": 0.2919295132160187,
      "median": 0.35355284810066223,
      "min": 0.00014443954569287598,
      "max": 2.5105838775634766
    },
    "y": {
      "mean": -0.15955372154712677,
      "std": 0.6255415678024292,
      "median": -0.1992819607257843,
      "min": -2.84287691116333,
      "max": 2.742645025253296
    },
    "eta": {
      "mean": -0.3900202810764313,
      "std": 1.4557565450668335,
      "median": -0.369555801153183,
      "min": -8.407818794250488,
      "max": 6.708360195159912
    },
    "theta_deg": {
      "mean": 103.68315887451172,
      "std": 52.03022384643555
    },
    "phi_deg": {
      "mean": 179.94813537597656,
      "std": 103.64305877685547
    }
  },
  "unmodified": {
    "n_events": 1000,
    "n_total_particles": 394717,
    "system_label": "Xe-129+Au-197 @ 2.0 GeV",
    "sqrt_s_NN": 2.0,
    "A1": 129,
    "Z1": 54,
    "A2": 197,
    "Z2": 79,
    "n_avg_per_event": 394.717,
    "n_std_per_event": 12.213390643060592,
    "pt": {
      "mean": 0.4265478551387787,
      "std": 0.29266849160194397,
      "median": 0.3628741502761841,
      "min": 0.00022457027807831764,
      "max": 2.655268430709839
    },
    "y": {
      "mean": -0.15912607312202454,
      "std": 0.6195212602615356,
      "median": -0.19936171174049377,
      "min": -2.9054369926452637,
      "max": 2.6013717651367188
    },
    "eta": {
      "mean": -0.3708823323249817,
      "std": 1.4167084693908691,
      "median": -0.36927908658981323,
      "min": -7.569377899169922,
      "max": 8.086021423339844
    },
    "theta_deg": {
      "mean": 103.54598999023438,
      "std": 51.35898208618164
    },
    "phi_deg": {
      "mean": 179.7010498046875,
      "std": 103.5438232421875
    }
  },
  "cumulative": {
    "total_events_modified": 1000,
    "total_events_unmodified": 1000,
    "total_particles_modified": 394519,
    "total_particles_unmodified": 394717,
    "signatures_detected": 0,
    "avg_multiplicity_modified": 394.519,
    "avg_multiplicity_unmodified": 394.717,
    "forbidden_breakdown_modified": {
      "very_forward": 0,
      "very_backward": 0,
      "impossible_kin": 0,
      "extreme_sideways": 166
    },
    "forbidden_breakdown_unmodified": {
      "very_forward": 0,
      "very_backward": 0,
      "impossible_kin": 0,
      "extreme_sideways": 162
    },
    "total_forbidden_modified": 166,
    "total_forbidden_unmodified": 162,
    "n_angular_samples_modified": 394519,
    "n_angular_samples_unmodified": 394717
  }
}