{
  "run_name": "run_3",
  "modified": {
    "n_events": 1000,
    "n_total_particles": 393982,
    "system_label": "Xe-129+Au-197 @ 2.0 GeV",
    "sqrt_s_NN": 2.0,
    "A1": 129,
    "Z1": 54,
    "A2": 197,
    "Z2": 79,
    "n_avg_per_event": 393.982,
    "n_std_per_event": 12.530509806069345,
    "pt": {
      "mean": 0.41989824175834656,
      "std": 0.293418288230896,
      "median": 0.3541853427886963,
      "min": 0.0003313818306196481,
      "max": 2.543523073196411
    },
    "y": {
      "mean": -0.1600273996591568,
      "std": 0.6260441541671753,
      "median": -0.1998947560787201,
      "min": -2.8015670776367188,
      "max": 2.7031497955322266
    },
    "eta": {
      "mean": -0.3900415301322937,
      "std": 1.45906400680542,
      "median": -0.3703511357307434,
      "min": -7.6794047355651855,
      "max": 7.086814880371094
    },
    "theta_deg": {
      "mean": 103.69638061523438,
      "std": 52.05527114868164
    },
    "phi_deg": {
      "mean": 179.9296417236328,
      "std": 103.64929962158203
    }
  },
  "unmodified": {
    "n_events": 1000,
    "n_total_particles": 394007,
    "system_label": "Xe-129+Au-197 @ 2.0 GeV",
    "sqrt_s_NN": 2.0,
    "A1": 129,
    "Z1": 54,
    "A2": 197,
    "Z2": 79,
    "n_avg_per_event": 394.007,
    "n_std_per_event": 12.065361619114446,
    "pt": {
      "mean": 0.4253040850162506,
      "std": 0.2926531732082367,
      "median": 0.3610095977783203,
      "min": 0.0005659385933540761,
      "max": 2.5479414463043213
    },
    "y": {
      "mean": -0.15835998952388763,
      "std": 0.6204217672348022,
      "median": -0.2009246051311493,
      "min": -3.0977871417999268,
      "max": 2.564023017883301
    },
    "eta": {
      "mean": -0.368752658367157,
      "std": 1.4264732599258423,
      "median": -0.3715592920780182,
      "min": -8.166423797607422,
      "max": 8.086021423339844
    },
    "theta_deg": {
      "mean": 103.47415161132812,
      "std": 51.58285903930664
    },
    "phi_deg": {
      "mean": 180.0729522705078,
      "std": 103.65682220458984
    }
  },
  "cumulative": {
    "total_events_modified": 1000,
    "total_events_unmodified": 1000,
    "total_particles_modified": 393982,
    "total_particles_unmodified": 394007,
    "signatures_detected": 1,
    "avg_multiplicity_modified": 393.982,
    "avg_multiplicity_unmodified": 394.007,
    "forbidden_breakdown_modified": {
      "very_forward": 0,
      "very_backward": 0,
      "impossible_kin": 0,
      "extreme_sideways": 166
    },
    "forbidden_breakdown_unmodified": {
      "very_forward": 0,
      "very_backward": 0,
      "impossible_kin": 0,
      "extreme_sideways": 147
    },
    "total_forbidden_modified": 166,
    "total_forbidden_unmodified": 147,
    "n_angular_samples_modified": 393982,
    "n_angular_samples_unmodified": 394007
  }
}