{
  "run_name": "run_5",
  "modified": {
    "n_events": 1000,
    "n_total_particles": 393691,
    "system_label": "Xe-129+Au-197 @ 2.0 GeV",
    "sqrt_s_NN": 2.0,
    "A1": 129,
    "Z1": 54,
    "A2": 197,
    "Z2": 79,
    "n_avg_per_event": 393.691,
    "n_std_per_event": 12.143538158214023,
    "pt": {
      "mean": 0.4184679388999939,
      "std": 0.2920823097229004,
      "median": 0.35265856981277466,
      "min": 0.0005033270572312176,
      "max": 2.6232898235321045
    },
    "y": {
      "mean": -0.1598353236913681,
      "std": 0.6274142861366272,
      "median": -0.20009128749370575,
      "min": -2.9203927516937256,
      "max": 2.7382044792175293
    },
    "eta": {
      "mean": -0.3917650580406189,
      "std": 1.4625723361968994,
      "median": -0.370932400226593,
      "min": -8.172739028930664,
      "max": 7.017760753631592
    },
    "theta_deg": {
      "mean": 103.7259521484375,
      "std": 52.1998176574707
    },
    "phi_deg": {
      "mean": 179.70997619628906,
      "std": 103.63326263427734
    }
  },
  "unmodified": {
    "n_events": 1000,
    "n_total_particles": 394014,
    "system_label": "Xe-129+Au-197 @ 2.0 GeV",
    "sqrt_s_NN": 2.0,
    "A1": 129,
    "Z1": 54,
    "A2": 197,
    "Z2": 79,
    "n_avg_per_event": 394.014,
    "n_std_per_event": 12.187854774323494,
    "pt": {
      "mean": 0.4256787896156311,
      "std": 0.2926695644855499,
      "median": 0.36170971393585205,
      "min": 0.0005349496495909989,
      "max": 2.5766754150390625
    },
    "y": {
      "mean": -0.15868057310581207,
      "std": 0.6209192276000977,
      "median": -0.20027309656143188,
      "min": -2.796204090118408,
      "max": 2.7053182125091553
    },
    "eta": {
      "mean": -0.3696131408214569,
      "std": 1.4233084917068481,
      "median": -0.3729485273361206,
      "min": -7.932479381561279,
      "max": 7.288329124450684
    },
    "theta_deg": {
      "mean": 103.50021362304688,
      "std": 51.536800384521484
    },
    "phi_deg": {
      "mean": 179.88304138183594,
      "std": 103.54353332519531
    }
  },
  "cumulative": {
    "total_events_modified": 1000,
    "total_events_unmodified": 1000,
    "total_particles_modified": 393691,
    "total_particles_unmodified": 394014,
    "signatures_detected": 0,
    "avg_multiplicity_modified": 393.691,
    "avg_multiplicity_unmodified": 394.014,
    "forbidden_breakdown_modified": {
      "very_forward": 0,
      "very_backward": 0,
      "impossible_kin": 0,
      "extreme_sideways": 154
    },
    "forbidden_breakdown_unmodified": {
      "very_forward": 0,
      "very_backward": 0,
      "impossible_kin": 0,
      "extreme_sideways": 158
    },
    "total_forbidden_modified": 154,
    "total_forbidden_unmodified": 158,
    "n_angular_samples_modified": 393691,
    "n_angular_samples_unmodified": 394014
  }
}