{
  "run_name": "run_6",
  "modified": {
    "n_events": 1000,
    "n_total_particles": 393853,
    "system_label": "Xe-129+Au-197 @ 2.0 GeV",
    "sqrt_s_NN": 2.0,
    "A1": 129,
    "Z1": 54,
    "A2": 197,
    "Z2": 79,
    "n_avg_per_event": 393.853,
    "n_std_per_event": 12.377697322200119,
    "pt": {
      "mean": 0.4187924265861511,
      "std": 0.29287150502204895,
      "median": 0.3528479039669037,
      "min": 0.0003881786542478949,
      "max": 2.3766512870788574
    },
    "y": {
      "mean": -0.15997262299060822,
      "std": 0.6271392703056335,
      "median": -0.20065192878246307,
      "min": -2.781709671020508,
      "max": 2.7071621417999268
    },
    "eta": {
      "mean": -0.3894730508327484,
      "std": 1.4633979797363281,
      "median": -0.3708456754684448,
      "min": -7.540909767150879,
      "max": 7.002835750579834
    },
    "theta_deg": {
      "mean": 103.68681335449219,
      "std": 52.19533920288086
    },
    "phi_deg": {
      "mean": 180.04385375976562,
      "std": 103.65302276611328
    }
  },
  "unmodified": {
    "n_events": 1000,
    "n_total_particles": 393537,
    "system_label": "Xe-129+Au-197 @ 2.0 GeV",
    "sqrt_s_NN": 2.0,
    "A1": 129,
    "Z1": 54,
    "A2": 197,
    "Z2": 79,
    "n_avg_per_event": 393.537,
    "n_std_per_event": 12.063773497542135,
    "pt": {
      "mean": 0.4256802797317505,
      "std": 0.2925845682621002,
      "median": 0.36161741614341736,
      "min": 0.00044017695472575724,
      "max": 2.5097739696502686
    },
    "y": {
      "mean": -0.15945827960968018,
      "std": 0.6217776536941528,
      "median": -0.20021620392799377,
      "min": -2.8681390285491943,
      "max": 2.8075337409973145
    },
    "eta": {
      "mean": -0.3714626133441925,
      "std": 1.4238839149475098,
      "median": -0.3741312623023987,
      "min": -7.486932754516602,
      "max": 8.519577980041504
    },
    "theta_deg": {
      "mean": 103.53632354736328,
      "std": 51.58799743652344
    },
    "phi_deg": {
      "mean": 179.9552764892578,
      "std": 103.51628875732422
    }
  },
  "cumulative": {
    "total_events_modified": 1000,
    "total_events_unmodified": 1000,
    "total_particles_modified": 393853,
    "total_particles_unmodified": 393537,
    "signatures_detected": 0,
    "avg_multiplicity_modified": 393.853,
    "avg_multiplicity_unmodified": 393.537,
    "forbidden_breakdown_modified": {
      "very_forward": 0,
      "very_backward": 0,
      "impossible_kin": 0,
      "extreme_sideways": 143
    },
    "forbidden_breakdown_unmodified": {
      "very_forward": 0,
      "very_backward": 0,
      "impossible_kin": 0,
      "extreme_sideways": 184
    },
    "total_forbidden_modified": 143,
    "total_forbidden_unmodified": 184,
    "n_angular_samples_modified": 393853,
    "n_angular_samples_unmodified": 393537
  }
}