{
  "run_name": "run_9",
  "modified": {
    "n_events": 1000,
    "n_total_particles": 393476,
    "system_label": "Xe-129+Au-197 @ 2.0 GeV",
    "sqrt_s_NN": 2.0,
    "A1": 129,
    "Z1": 54,
    "A2": 197,
    "Z2": 79,
    "n_avg_per_event": 393.476,
    "n_std_per_event": 12.260808456215276,
    "pt": {
      "mean": 0.4202497899532318,
      "std": 0.2927400469779968,
      "median": 0.35519835352897644,
      "min": 9.461086301598698e-05,
      "max": 2.5460171699523926
    },
    "y": {
      "mean": -0.15947669744491577,
      "std": 0.6264209151268005,
      "median": -0.19953879714012146,
      "min": -3.04553484916687,
      "max": 2.724972724914551
    },
    "eta": {
      "mean": -0.3884478807449341,
      "std": 1.4587887525558472,
      "median": -0.3704981207847595,
      "min": -10.040754318237305,
      "max": 7.039022445678711
    },
    "theta_deg": {
      "mean": 103.64669799804688,
      "std": 52.1000862121582
    },
    "phi_deg": {
      "mean": 179.95458984375,
      "std": 103.61320495605469
    }
  },
  "unmodified": {
    "n_events": 1000,
    "n_total_particles": 393742,
    "system_label": "Xe-129+Au-197 @ 2.0 GeV",
    "sqrt_s_NN": 2.0,
    "A1": 129,
    "Z1": 54,
    "A2": 197,
    "Z2": 79,
    "n_avg_per_event": 393.742,
    "n_std_per_event": 11.545797330630743,
    "pt": {
      "mean": 0.4258960485458374,
      "std": 0.29304608702659607,
      "median": 0.3610801100730896,
      "min": 0.0010960878571495414,
      "max": 2.6768953800201416
    },
    "y": {
      "mean": -0.1590982973575592,
      "std": 0.6221138834953308,
      "median": -0.20035113394260406,
      "min": -2.759021520614624,
      "max": 2.736023187637329
    },
    "eta": {
      "mean": -0.3711528480052948,
      "std": 1.4244027137756348,
      "median": -0.3708193600177765,
      "min": -7.616199016571045,
      "max": 7.045963764190674
    },
    "theta_deg": {
      "mean": 103.52156829833984,
      "std": 51.58365249633789
    },
    "phi_deg": {
      "mean": 180.09007263183594,
      "std": 103.59974670410156
    }
  },
  "cumulative": {
    "total_events_modified": 1000,
    "total_events_unmodified": 1000,
    "total_particles_modified": 393476,
    "total_particles_unmodified": 393742,
    "signatures_detected": 0,
    "avg_multiplicity_modified": 393.476,
    "avg_multiplicity_unmodified": 393.742,
    "forbidden_breakdown_modified": {
      "very_forward": 0,
      "very_backward": 0,
      "impossible_kin": 0,
      "extreme_sideways": 167
    },
    "forbidden_breakdown_unmodified": {
      "very_forward": 0,
      "very_backward": 0,
      "impossible_kin": 0,
      "extreme_sideways": 165
    },
    "total_forbidden_modified": 167,
    "total_forbidden_unmodified": 165,
    "n_angular_samples_modified": 393476,
    "n_angular_samples_unmodified": 393742
  }
}