{
  "run_name": "run_2",
  "modified": {
    "n_events": 1000,
    "n_total_particles": 394253,
    "system_label": "Xe-129+Au-197 @ 2.0 GeV",
    "sqrt_s_NN": 2.0,
    "A1": 129,
    "Z1": 54,
    "A2": 197,
    "Z2": 79,
    "n_avg_per_event": 394.253,
    "n_std_per_event": 12.025264695631444,
    "pt": {
      "mean": 0.41926345229148865,
      "std": 0.2924186885356903,
      "median": 0.3535485565662384,
      "min": 0.00013136393681634218,
      "max": 2.5998406410217285
    },
    "y": {
      "mean": -0.1593945324420929,
      "std": 0.6264994144439697,
      "median": -0.19775508344173431,
      "min": -2.9529788494110107,
      "max": 2.6009819507598877
    },
    "eta": {
      "mean": -0.3875683844089508,
      "std": 1.4576908349990845,
      "median": -0.3656955063343048,
      "min": -9.045050621032715,
      "max": 8.405095100402832
    },
    "theta_deg": {
      "mean": 103.63313293457031,
      "std": 52.08514404296875
    },
    "phi_deg": {
      "mean": 180.10540771484375,
      "std": 103.59455108642578
    }
  },
  "unmodified": {
    "n_events": 1000,
    "n_total_particles": 394256,
    "system_label": "Xe-129+Au-197 @ 2.0 GeV",
    "sqrt_s_NN": 2.0,
    "A1": 129,
    "Z1": 54,
    "A2": 197,
    "Z2": 79,
    "n_avg_per_event": 394.256,
    "n_std_per_event": 12.001185941397626,
    "pt": {
      "mean": 0.42622941732406616,
      "std": 0.2927626669406891,
      "median": 0.36308765411376953,
      "min": 0.00034713413333520293,
      "max": 2.76554274559021
    },
    "y": {
      "mean": -0.15853025019168854,
      "std": 0.6198403239250183,
      "median": -0.19815334677696228,
      "min": -2.650149345397949,
      "max": 2.7044081687927246
    },
    "eta": {
      "mean": -0.37204039096832275,
      "std": 1.420587182044983,
      "median": -0.3681485056877136,
      "min": -7.902378559112549,
      "max": 7.757105827331543
    },
    "theta_deg": {
      "mean": 103.49810791015625,
      "std": 51.455528259277344
    },
    "phi_deg": {
      "mean": 179.99850463867188,
      "std": 103.51935577392578
    }
  },
  "cumulative": {
    "total_events_modified": 1000,
    "total_events_unmodified": 1000,
    "total_particles_modified": 394253,
    "total_particles_unmodified": 394256,
    "signatures_detected": 1,
    "avg_multiplicity_modified": 394.253,
    "avg_multiplicity_unmodified": 394.256,
    "forbidden_breakdown_modified": {
      "very_forward": 0,
      "very_backward": 0,
      "impossible_kin": 0,
      "extreme_sideways": 175
    },
    "forbidden_breakdown_unmodified": {
      "very_forward": 0,
      "very_backward": 0,
      "impossible_kin": 0,
      "extreme_sideways": 165
    },
    "total_forbidden_modified": 175,
    "total_forbidden_unmodified": 165,
    "n_angular_samples_modified": 394253,
    "n_angular_samples_unmodified": 394256
  }
}