{
  "run_name": "run_6",
  "modified": {
    "n_events": 1000,
    "n_total_particles": 521106,
    "system_label": "Xe-129+Au-197 @ 5.0 GeV",
    "sqrt_s_NN": 5.0,
    "A1": 129,
    "Z1": 54,
    "A2": 197,
    "Z2": 79,
    "n_avg_per_event": 521.106,
    "n_std_per_event": 29.732251243388887,
    "pt": {
      "mean": 0.4382922351360321,
      "std": 0.3328397572040558,
      "median": 0.34910619258880615,
      "min": 0.0002655266143847257,
      "max": 3.4485580921173096
    },
    "y": {
      "mean": -0.18424063920974731,
      "std": 0.8285305500030518,
      "median": -0.21622344851493835,
      "min": -3.281262159347534,
      "max": 3.0784671306610107
    },
    "eta": {
      "mean": -0.3463251292705536,
      "std": 1.5953689813613892,
      "median": -0.3330092430114746,
      "min": -9.088418006896973,
      "max": 8.658695220947266
    },
    "theta_deg": {
      "mean": 101.98403930664062,
      "std": 53.674110412597656
    },
    "phi_deg": {
      "mean": 180.01217651367188,
      "std": 104.05644226074219
    }
  },
  "unmodified": {
    "n_events": 1000,
    "n_total_particles": 532371,
    "system_label": "Xe-129+Au-197 @ 5.0 GeV",
    "sqrt_s_NN": 5.0,
    "A1": 129,
    "Z1": 54,
    "A2": 197,
    "Z2": 79,
    "n_avg_per_event": 532.371,
    "n_std_per_event": 31.178764552175572,
    "pt": {
      "mean": 0.4517781138420105,
      "std": 0.336424857378006,
      "median": 0.36523887515068054,
      "min": 0.000596807396505028,
      "max": 3.190370798110962
    },
    "y": {
      "mean": -0.18101701140403748,
      "std": 0.8056533932685852,
      "median": -0.20492395758628845,
      "min": -3.45387601852417,
      "max": 3.4957096576690674
    },
    "eta": {
      "mean": -0.33765238523483276,
      "std": 1.4876676797866821,
      "median": -0.3157956302165985,
      "min": -8.049696922302246,
      "max": 8.174747467041016
    },
    "theta_deg": {
      "mean": 101.74754333496094,
      "std": 52.13641357421875
    },
    "phi_deg": {
      "mean": 179.9600372314453,
      "std": 103.98504638671875
    }
  },
  "cumulative": {
    "total_events_modified": 1000,
    "total_events_unmodified": 1000,
    "total_particles_modified": 521106,
    "total_particles_unmodified": 532371,
    "signatures_detected": 0,
    "avg_multiplicity_modified": 521.106,
    "avg_multiplicity_unmodified": 532.371,
    "forbidden_breakdown_modified": {
      "very_forward": 2,
      "very_backward": 20,
      "impossible_kin": 0,
      "extreme_sideways": 410
    },
    "forbidden_breakdown_unmodified": {
      "very_forward": 1,
      "very_backward": 21,
      "impossible_kin": 0,
      "extreme_sideways": 519
    },
    "total_forbidden_modified": 432,
    "total_forbidden_unmodified": 541,
    "n_angular_samples_modified": 521106,
    "n_angular_samples_unmodified": 532371
  }
}