{
  "run_name": "run_3",
  "modified": {
    "n_events": 1000,
    "n_total_particles": 523577,
    "system_label": "Xe-129+Au-197 @ 5.0 GeV",
    "sqrt_s_NN": 5.0,
    "A1": 129,
    "Z1": 54,
    "A2": 197,
    "Z2": 79,
    "n_avg_per_event": 523.577,
    "n_std_per_event": 30.216784590687343,
    "pt": {
      "mean": 0.43853792548179626,
      "std": 0.3327219486236572,
      "median": 0.3496025502681732,
      "min": 7.738016574876383e-05,
      "max": 3.5537726879119873
    },
    "y": {
      "mean": -0.1837046891450882,
      "std": 0.8258634209632874,
      "median": -0.21654964983463287,
      "min": -3.2123427391052246,
      "max": 3.2470436096191406
    },
    "eta": {
      "mean": -0.3451128304004669,
      "std": 1.585271954536438,
      "median": -0.3333590030670166,
      "min": -9.115153312683105,
      "max": 7.743387699127197
    },
    "theta_deg": {
      "mean": 101.94579315185547,
      "std": 53.517982482910156
    },
    "phi_deg": {
      "mean": 179.95545959472656,
      "std": 104.02493286132812
    }
  },
  "unmodified": {
    "n_events": 1000,
    "n_total_particles": 531882,
    "system_label": "Xe-129+Au-197 @ 5.0 GeV",
    "sqrt_s_NN": 5.0,
    "A1": 129,
    "Z1": 54,
    "A2": 197,
    "Z2": 79,
    "n_avg_per_event": 531.882,
    "n_std_per_event": 31.719616580280416,
    "pt": {
      "mean": 0.45181697607040405,
      "std": 0.33696264028549194,
      "median": 0.36484307050704956,
      "min": 0.00023381995561067015,
      "max": 3.6166985034942627
    },
    "y": {
      "mean": -0.17944364249706268,
      "std": 0.8053323030471802,
      "median": -0.2024717926979065,
      "min": -3.177727699279785,
      "max": 3.4957096576690674
    },
    "eta": {
      "mean": -0.34011608362197876,
      "std": 1.491969108581543,
      "median": -0.31093743443489075,
      "min": -7.632060527801514,
      "max": 7.861644268035889
    },
    "theta_deg": {
      "mean": 101.68931579589844,
      "std": 52.193058013916016
    },
    "phi_deg": {
      "mean": 179.83876037597656,
      "std": 104.05094909667969
    }
  },
  "cumulative": {
    "total_events_modified": 1000,
    "total_events_unmodified": 1000,
    "total_particles_modified": 523577,
    "total_particles_unmodified": 531882,
    "signatures_detected": 0,
    "avg_multiplicity_modified": 523.577,
    "avg_multiplicity_unmodified": 531.882,
    "forbidden_breakdown_modified": {
      "very_forward": 1,
      "very_backward": 14,
      "impossible_kin": 0,
      "extreme_sideways": 443
    },
    "forbidden_breakdown_unmodified": {
      "very_forward": 1,
      "very_backward": 12,
      "impossible_kin": 0,
      "extreme_sideways": 510
    },
    "total_forbidden_modified": 458,
    "total_forbidden_unmodified": 523,
    "n_angular_samples_modified": 523577,
    "n_angular_samples_unmodified": 531882
  }
}