{
  "run_name": "run_1",
  "modified": {
    "n_events": 1000,
    "n_total_particles": 525565,
    "system_label": "Xe-129+Au-197 @ 5.0 GeV",
    "sqrt_s_NN": 5.0,
    "A1": 129,
    "Z1": 54,
    "A2": 197,
    "Z2": 79,
    "n_avg_per_event": 525.565,
    "n_std_per_event": 30.825926993360635,
    "pt": {
      "mean": 0.4394099712371826,
      "std": 0.3333752751350403,
      "median": 0.3506416380405426,
      "min": 0.00032274259137921035,
      "max": 3.091320276260376
    },
    "y": {
      "mean": -0.18412107229232788,
      "std": 0.822710394859314,
      "median": -0.21538309752941132,
      "min": -3.1609480381011963,
      "max": 2.9864275455474854
    },
    "eta": {
      "mean": -0.3450530171394348,
      "std": 1.5769473314285278,
      "median": -0.3310336768627167,
      "min": -8.085433006286621,
      "max": 9.24230670928955
    },
    "theta_deg": {
      "mean": 101.97442626953125,
      "std": 53.314510345458984
    },
    "phi_deg": {
      "mean": 179.93637084960938,
      "std": 104.00315856933594
    }
  },
  "unmodified": {
    "n_events": 1000,
    "n_total_particles": 531824,
    "system_label": "Xe-129+Au-197 @ 5.0 GeV",
    "sqrt_s_NN": 5.0,
    "A1": 129,
    "Z1": 54,
    "A2": 197,
    "Z2": 79,
    "n_avg_per_event": 531.824,
    "n_std_per_event": 30.40899577427706,
    "pt": {
      "mean": 0.4517977833747864,
      "std": 0.33614498376846313,
      "median": 0.36589378118515015,
      "min": 0.00023381995561067015,
      "max": 3.1462621688842773
    },
    "y": {
      "mean": -0.18019089102745056,
      "std": 0.8071501851081848,
      "median": -0.20547235012054443,
      "min": -3.3942625522613525,
      "max": 3.1924076080322266
    },
    "eta": {
      "mean": -0.33744359016418457,
      "std": 1.489516258239746,
      "median": -0.3156127333641052,
      "min": -8.16810417175293,
      "max": 6.981319427490234
    },
    "theta_deg": {
      "mean": 101.71408081054688,
      "std": 52.2049674987793
    },
    "phi_deg": {
      "mean": 179.87466430664062,
      "std": 104.08739471435547
    }
  },
  "cumulative": {
    "total_events_modified": 1000,
    "total_events_unmodified": 1000,
    "total_particles_modified": 525565,
    "total_particles_unmodified": 531824,
    "signatures_detected": 0,
    "avg_multiplicity_modified": 525.565,
    "avg_multiplicity_unmodified": 531.824,
    "forbidden_breakdown_modified": {
      "very_forward": 1,
      "very_backward": 16,
      "impossible_kin": 0,
      "extreme_sideways": 460
    },
    "forbidden_breakdown_unmodified": {
      "very_forward": 0,
      "very_backward": 12,
      "impossible_kin": 0,
      "extreme_sideways": 474
    },
    "total_forbidden_modified": 477,
    "total_forbidden_unmodified": 486,
    "n_angular_samples_modified": 525565,
    "n_angular_samples_unmodified": 531824
  }
}