{
  "run_name": "run_10",
  "modified": {
    "n_events": 1000,
    "n_total_particles": 523711,
    "system_label": "Xe-129+Au-197 @ 5.0 GeV",
    "sqrt_s_NN": 5.0,
    "A1": 129,
    "Z1": 54,
    "A2": 197,
    "Z2": 79,
    "n_avg_per_event": 523.711,
    "n_std_per_event": 30.21776760450712,
    "pt": {
      "mean": 0.4398038685321808,
      "std": 0.3333842158317566,
      "median": 0.35148105025291443,
      "min": 0.0002659162855707109,
      "max": 3.3184502124786377
    },
    "y": {
      "mean": -0.18370318412780762,
      "std": 0.8243697881698608,
      "median": -0.21644970774650574,
      "min": -3.188570022583008,
      "max": 3.1625239849090576
    },
    "eta": {
      "mean": -0.3423859477043152,
      "std": 1.5805752277374268,
      "median": -0.3325420320034027,
      "min": -9.287416458129883,
      "max": 8.184782981872559
    },
    "theta_deg": {
      "mean": 101.91522216796875,
      "std": 53.435115814208984
    },
    "phi_deg": {
      "mean": 179.93641662597656,
      "std": 103.96463775634766
    }
  },
  "unmodified": {
    "n_events": 1000,
    "n_total_particles": 530567,
    "system_label": "Xe-129+Au-197 @ 5.0 GeV",
    "sqrt_s_NN": 5.0,
    "A1": 129,
    "Z1": 54,
    "A2": 197,
    "Z2": 79,
    "n_avg_per_event": 530.567,
    "n_std_per_event": 32.37652716089235,
    "pt": {
      "mean": 0.45150601863861084,
      "std": 0.3365808129310608,
      "median": 0.36450740694999695,
      "min": 0.00016477495955768973,
      "max": 3.2110652923583984
    },
    "y": {
      "mean": -0.18104073405265808,
      "std": 0.8078955411911011,
      "median": -0.20630978047847748,
      "min": -3.4555962085723877,
      "max": 3.3137171268463135
    },
    "eta": {
      "mean": -0.34072667360305786,
      "std": 1.4962427616119385,
      "median": -0.3171560764312744,
      "min": -8.6030855178833,
      "max": 9.80778694152832
    },
    "theta_deg": {
      "mean": 101.78883361816406,
      "std": 52.29138946533203
    },
    "phi_deg": {
      "mean": 179.93051147460938,
      "std": 104.04737854003906
    }
  },
  "cumulative": {
    "total_events_modified": 1000,
    "total_events_unmodified": 1000,
    "total_particles_modified": 523711,
    "total_particles_unmodified": 530567,
    "signatures_detected": 0,
    "avg_multiplicity_modified": 523.711,
    "avg_multiplicity_unmodified": 530.567,
    "forbidden_breakdown_modified": {
      "very_forward": 3,
      "very_backward": 17,
      "impossible_kin": 0,
      "extreme_sideways": 464
    },
    "forbidden_breakdown_unmodified": {
      "very_forward": 1,
      "very_backward": 22,
      "impossible_kin": 0,
      "extreme_sideways": 477
    },
    "total_forbidden_modified": 484,
    "total_forbidden_unmodified": 500,
    "n_angular_samples_modified": 523711,
    "n_angular_samples_unmodified": 530567
  }
}