{
  "run_name": "run_8",
  "modified": {
    "n_events": 1000,
    "n_total_particles": 522810,
    "system_label": "Xe-129+Au-197 @ 5.0 GeV",
    "sqrt_s_NN": 5.0,
    "A1": 129,
    "Z1": 54,
    "A2": 197,
    "Z2": 79,
    "n_avg_per_event": 522.81,
    "n_std_per_event": 29.831826963831766,
    "pt": {
      "mean": 0.4386884868144989,
      "std": 0.33328258991241455,
      "median": 0.34971868991851807,
      "min": 0.000570763717405498,
      "max": 3.1486661434173584
    },
    "y": {
      "mean": -0.18358683586120605,
      "std": 0.8261862397193909,
      "median": -0.21554753184318542,
      "min": -3.2519383430480957,
      "max": 3.185786485671997
    },
    "eta": {
      "mean": -0.3460547626018524,
      "std": 1.5853151082992554,
      "median": -0.33040866255760193,
      "min": -7.716444969177246,
      "max": 8.63083553314209
    },
    "theta_deg": {
      "mean": 101.94110870361328,
      "std": 53.5465087890625
    },
    "phi_deg": {
      "mean": 179.82647705078125,
      "std": 103.97359466552734
    }
  },
  "unmodified": {
    "n_events": 1000,
    "n_total_particles": 531067,
    "system_label": "Xe-129+Au-197 @ 5.0 GeV",
    "sqrt_s_NN": 5.0,
    "A1": 129,
    "Z1": 54,
    "A2": 197,
    "Z2": 79,
    "n_avg_per_event": 531.067,
    "n_std_per_event": 31.57183097319508,
    "pt": {
      "mean": 0.45143651962280273,
      "std": 0.33582308888435364,
      "median": 0.36515122652053833,
      "min": 0.00010341092274757102,
      "max": 3.1965761184692383
    },
    "y": {
      "mean": -0.1801740825176239,
      "std": 0.8078567981719971,
      "median": -0.20391875505447388,
      "min": -3.3543570041656494,
      "max": 3.3772635459899902
    },
    "eta": {
      "mean": -0.3386930823326111,
      "std": 1.4945588111877441,
      "median": -0.31452250480651855,
      "min": -9.111907005310059,
      "max": 7.866814613342285
    },
    "theta_deg": {
      "mean": 101.69636535644531,
      "std": 52.278282165527344
    },
    "phi_deg": {
      "mean": 179.9856719970703,
      "std": 104.087646484375
    }
  },
  "cumulative": {
    "total_events_modified": 1000,
    "total_events_unmodified": 1000,
    "total_particles_modified": 522810,
    "total_particles_unmodified": 531067,
    "signatures_detected": 0,
    "avg_multiplicity_modified": 522.81,
    "avg_multiplicity_unmodified": 531.067,
    "forbidden_breakdown_modified": {
      "very_forward": 1,
      "very_backward": 20,
      "impossible_kin": 0,
      "extreme_sideways": 441
    },
    "forbidden_breakdown_unmodified": {
      "very_forward": 1,
      "very_backward": 23,
      "impossible_kin": 0,
      "extreme_sideways": 460
    },
    "total_forbidden_modified": 462,
    "total_forbidden_unmodified": 484,
    "n_angular_samples_modified": 522810,
    "n_angular_samples_unmodified": 531067
  }
}