{
  "run_name": "run_5",
  "modified": {
    "n_events": 1000,
    "n_total_particles": 523189,
    "system_label": "Xe-129+Au-197 @ 5.0 GeV",
    "sqrt_s_NN": 5.0,
    "A1": 129,
    "Z1": 54,
    "A2": 197,
    "Z2": 79,
    "n_avg_per_event": 523.189,
    "n_std_per_event": 30.459403786023127,
    "pt": {
      "mean": 0.4389514923095703,
      "std": 0.33376574516296387,
      "median": 0.3502460718154907,
      "min": 0.00019832835823763162,
      "max": 3.224773406982422
    },
    "y": {
      "mean": -0.18404273688793182,
      "std": 0.825622022151947,
      "median": -0.2165478616952896,
      "min": -3.2593536376953125,
      "max": 3.0877609252929688
    },
    "eta": {
      "mean": -0.3429432809352875,
      "std": 1.5876915454864502,
      "median": -0.33170202374458313,
      "min": -7.458410739898682,
      "max": 8.97641372680664
    },
    "theta_deg": {
      "mean": 101.91295623779297,
      "std": 53.52287292480469
    },
    "phi_deg": {
      "mean": 179.88551330566406,
      "std": 104.04302978515625
    }
  },
  "unmodified": {
    "n_events": 1000,
    "n_total_particles": 533417,
    "system_label": "Xe-129+Au-197 @ 5.0 GeV",
    "sqrt_s_NN": 5.0,
    "A1": 129,
    "Z1": 54,
    "A2": 197,
    "Z2": 79,
    "n_avg_per_event": 533.417,
    "n_std_per_event": 30.963900125791646,
    "pt": {
      "mean": 0.45213788747787476,
      "std": 0.33546605706214905,
      "median": 0.3663347363471985,
      "min": 0.00046413647942245007,
      "max": 3.2517499923706055
    },
    "y": {
      "mean": -0.18035608530044556,
      "std": 0.8040803074836731,
      "median": -0.20440822839736938,
      "min": -3.293311357498169,
      "max": 3.244575262069702
    },
    "eta": {
      "mean": -0.3361099660396576,
      "std": 1.484507441520691,
      "median": -0.31465768814086914,
      "min": -9.073752403259277,
      "max": 7.749502182006836
    },
    "theta_deg": {
      "mean": 101.68262481689453,
      "std": 52.05488586425781
    },
    "phi_deg": {
      "mean": 180.10772705078125,
      "std": 104.11961364746094
    }
  },
  "cumulative": {
    "total_events_modified": 1000,
    "total_events_unmodified": 1000,
    "total_particles_modified": 523189,
    "total_particles_unmodified": 533417,
    "signatures_detected": 0,
    "avg_multiplicity_modified": 523.189,
    "avg_multiplicity_unmodified": 533.417,
    "forbidden_breakdown_modified": {
      "very_forward": 1,
      "very_backward": 19,
      "impossible_kin": 0,
      "extreme_sideways": 467
    },
    "forbidden_breakdown_unmodified": {
      "very_forward": 2,
      "very_backward": 20,
      "impossible_kin": 0,
      "extreme_sideways": 473
    },
    "total_forbidden_modified": 487,
    "total_forbidden_unmodified": 495,
    "n_angular_samples_modified": 523189,
    "n_angular_samples_unmodified": 533417
  }
}