{
  "run_name": "run_1",
  "modified": {
    "n_events": 10000,
    "n_total_particles": 5226424,
    "system_label": "Xe-129+Au-197 @ 5.0 GeV",
    "sqrt_s_NN": 5.0,
    "A1": 129,
    "Z1": 54,
    "A2": 197,
    "Z2": 79,
    "n_avg_per_event": 522.6424,
    "n_std_per_event": 29.965038332029543,
    "pt": {
      "mean": 0.4383198618888855,
      "std": 0.3332253694534302,
      "median": 0.348916232585907,
      "min": 0.0001578496885485947,
      "max": 3.647768259048462
    },
    "y": {
      "mean": 1.2450770139694214,
      "std": 0.826869547367096,
      "median": 1.2778193950653076,
      "min": -2.574082851409912,
      "max": 4.704537391662598
    },
    "eta": {
      "mean": 1.7697125673294067,
      "std": 1.3890631198883057,
      "median": 1.7225143909454346,
      "min": -8.286694526672363,
      "max": 11.038925170898438
    },
    "theta_deg": {
      "mean": 32.980499267578125,
      "std": 36.06519317626953
    },
    "phi_deg": {
      "mean": 180.02349853515625,
      "std": 104.01456451416016
    }
  },
  "unmodified": {
    "n_events": 10000,
    "n_total_particles": 5323777,
    "system_label": "Xe-129+Au-197 @ 5.0 GeV",
    "sqrt_s_NN": 5.0,
    "A1": 129,
    "Z1": 54,
    "A2": 197,
    "Z2": 79,
    "n_avg_per_event": 532.3777,
    "n_std_per_event": 31.357806726714802,
    "pt": {
      "mean": 0.4519714117050171,
      "std": 0.3364622890949249,
      "median": 0.36553770303726196,
      "min": 0.0001313590764766559,
      "max": 3.9078752994537354
    },
    "y": {
      "mean": 1.240832805633545,
      "std": 0.8057214617729187,
      "median": 1.2650659084320068,
      "min": -2.3443949222564697,
      "max": 4.611040115356445
    },
    "eta": {
      "mean": 1.7597061395645142,
      "std": 1.2986557483673096,
      "median": 1.7060526609420776,
      "min": -7.916334629058838,
      "max": 10.277326583862305
    },
    "theta_deg": {
      "mean": 31.990787506103516,
      "std": 33.45172882080078
    },
    "phi_deg": {
      "mean": 179.9723358154297,
      "std": 104.0677490234375
    }
  },
  "cumulative": {
    "total_events_modified": 10000,
    "total_events_unmodified": 10000,
    "total_particles_modified": 5226424,
    "total_particles_unmodified": 5323777,
    "signatures_detected": 1,
    "avg_multiplicity_modified": 522.6424,
    "avg_multiplicity_unmodified": 532.3777,
    "forbidden_breakdown_modified": {
      "very_forward": 125176,
      "very_backward": 0,
      "impossible_kin": 0,
      "extreme_sideways": 120
    },
    "forbidden_breakdown_unmodified": {
      "very_forward": 97249,
      "very_backward": 0,
      "impossible_kin": 0,
      "extreme_sideways": 149
    },
    "total_forbidden_modified": 125296,
    "total_forbidden_unmodified": 97398,
    "n_angular_samples_modified": 5226424,
    "n_angular_samples_unmodified": 5323777
  }
}