{
  "run_name": "run_1",
  "modified": {
    "n_events": 1000,
    "n_total_particles": 530793,
    "system_label": "Xe-129+Au-197 @ 5.0 GeV",
    "sqrt_s_NN": 5.0,
    "A1": 129,
    "Z1": 54,
    "A2": 197,
    "Z2": 79,
    "n_avg_per_event": 530.793,
    "n_std_per_event": 30.532640747239668,
    "pt": {
      "mean": 0.44650155305862427,
      "std": 0.33527401089668274,
      "median": 0.35889846086502075,
      "min": 0.0005007057916373014,
      "max": 3.3599460124969482
    },
    "y": {
      "mean": -0.18068765103816986,
      "std": 0.8117669820785522,
      "median": -0.2029488980770111,
      "min": -3.4584546089172363,
      "max": 3.3862154483795166
    },
    "eta": {
      "mean": -0.35302451252937317,
      "std": 1.5207287073135376,
      "median": -0.31071653962135315,
      "min": -8.852614402770996,
      "max": 7.531314373016357
    },
    "theta_deg": {
      "mean": 101.76165771484375,
      "std": 52.58629608154297
    },
    "phi_deg": {
      "mean": 180.08763122558594,
      "std": 104.03199768066406
    }
  },
  "unmodified": {
    "n_events": 1000,
    "n_total_particles": 532338,
    "system_label": "Xe-129+Au-197 @ 5.0 GeV",
    "sqrt_s_NN": 5.0,
    "A1": 129,
    "Z1": 54,
    "A2": 197,
    "Z2": 79,
    "n_avg_per_event": 532.338,
    "n_std_per_event": 30.92917321882368,
    "pt": {
      "mean": 0.4533473551273346,
      "std": 0.3366897702217102,
      "median": 0.36756986379623413,
      "min": 0.0007180453394539654,
      "max": 3.0046582221984863
    },
    "y": {
      "mean": -0.17994222044944763,
      "std": 0.8047367334365845,
      "median": -0.20407047867774963,
      "min": -3.241851329803467,
      "max": 3.4095401763916016
    },
    "eta": {
      "mean": -0.3355233669281006,
      "std": 1.4841442108154297,
      "median": -0.3141220808029175,
      "min": -7.721004962921143,
      "max": 7.792873382568359
    },
    "theta_deg": {
      "mean": 101.68522644042969,
      "std": 52.0753173828125
    },
    "phi_deg": {
      "mean": 180.1033172607422,
      "std": 103.91954040527344
    }
  },
  "cumulative": {
    "total_events_modified": 1000,
    "total_events_unmodified": 1000,
    "total_particles_modified": 530793,
    "total_particles_unmodified": 532338,
    "signatures_detected": 0,
    "avg_multiplicity_modified": 530.793,
    "avg_multiplicity_unmodified": 532.338,
    "forbidden_breakdown_modified": {
      "very_forward": 2,
      "very_backward": 22,
      "impossible_kin": 0,
      "extreme_sideways": 466
    },
    "forbidden_breakdown_unmodified": {
      "very_forward": 1,
      "very_backward": 22,
      "impossible_kin": 0,
      "extreme_sideways": 502
    },
    "total_forbidden_modified": 490,
    "total_forbidden_unmodified": 525,
    "n_angular_samples_modified": 530793,
    "n_angular_samples_unmodified": 532338
  }
}