{
  "run_name": "run_3",
  "modified": {
    "n_events": 1000,
    "n_total_particles": 529016,
    "system_label": "Xe-129+Au-197 @ 5.0 GeV",
    "sqrt_s_NN": 5.0,
    "A1": 129,
    "Z1": 54,
    "A2": 197,
    "Z2": 79,
    "n_avg_per_event": 529.016,
    "n_std_per_event": 30.81411598602173,
    "pt": {
      "mean": 0.4459315836429596,
      "std": 0.3350721001625061,
      "median": 0.35823529958724976,
      "min": 0.0005090461927466094,
      "max": 3.4015941619873047
    },
    "y": {
      "mean": -0.17876967787742615,
      "std": 0.8142371773719788,
      "median": -0.19869008660316467,
      "min": -3.1778016090393066,
      "max": 3.1253879070281982
    },
    "eta": {
      "mean": -0.3525359332561493,
      "std": 1.5298595428466797,
      "median": -0.30592745542526245,
      "min": -8.470662117004395,
      "max": 8.007866859436035
    },
    "theta_deg": {
      "mean": 101.64804077148438,
      "std": 52.74542999267578
    },
    "phi_deg": {
      "mean": 180.15370178222656,
      "std": 103.98810577392578
    }
  },
  "unmodified": {
    "n_events": 1000,
    "n_total_particles": 532353,
    "system_label": "Xe-129+Au-197 @ 5.0 GeV",
    "sqrt_s_NN": 5.0,
    "A1": 129,
    "Z1": 54,
    "A2": 197,
    "Z2": 79,
    "n_avg_per_event": 532.353,
    "n_std_per_event": 31.671570706234323,
    "pt": {
      "mean": 0.45259514451026917,
      "std": 0.3368190824985504,
      "median": 0.36622992157936096,
      "min": 8.98890575626865e-05,
      "max": 3.984727621078491
    },
    "y": {
      "mean": -0.17946083843708038,
      "std": 0.8043780326843262,
      "median": -0.20395700633525848,
      "min": -3.5600810050964355,
      "max": 3.1814143657684326
    },
    "eta": {
      "mean": -0.33554551005363464,
      "std": 1.486534595489502,
      "median": -0.3125021457672119,
      "min": -9.167437553405762,
      "max": 7.657852649688721
    },
    "theta_deg": {
      "mean": 101.63528442382812,
      "std": 52.1217041015625
    },
    "phi_deg": {
      "mean": 179.86241149902344,
      "std": 104.00596618652344
    }
  },
  "cumulative": {
    "total_events_modified": 1000,
    "total_events_unmodified": 1000,
    "total_particles_modified": 529016,
    "total_particles_unmodified": 532353,
    "signatures_detected": 0,
    "avg_multiplicity_modified": 529.016,
    "avg_multiplicity_unmodified": 532.353,
    "forbidden_breakdown_modified": {
      "very_forward": 2,
      "very_backward": 20,
      "impossible_kin": 0,
      "extreme_sideways": 493
    },
    "forbidden_breakdown_unmodified": {
      "very_forward": 1,
      "very_backward": 18,
      "impossible_kin": 0,
      "extreme_sideways": 503
    },
    "total_forbidden_modified": 515,
    "total_forbidden_unmodified": 522,
    "n_angular_samples_modified": 529016,
    "n_angular_samples_unmodified": 532353
  }
}