{
  "run_name": "run_8",
  "modified": {
    "n_events": 1000,
    "n_total_particles": 529229,
    "system_label": "Xe-129+Au-197 @ 5.0 GeV",
    "sqrt_s_NN": 5.0,
    "A1": 129,
    "Z1": 54,
    "A2": 197,
    "Z2": 79,
    "n_avg_per_event": 529.229,
    "n_std_per_event": 31.856060004338264,
    "pt": {
      "mean": 0.4458530843257904,
      "std": 0.3345607817173004,
      "median": 0.3587130308151245,
      "min": 0.0005262583727017045,
      "max": 3.2105789184570312
    },
    "y": {
      "mean": -0.17956435680389404,
      "std": 0.8139873147010803,
      "median": -0.2018316388130188,
      "min": -3.275496482849121,
      "max": 3.335426092147827
    },
    "eta": {
      "mean": -0.35204923152923584,
      "std": 1.530192255973816,
      "median": -0.309946745634079,
      "min": -8.683526992797852,
      "max": 7.147051811218262
    },
    "theta_deg": {
      "mean": 101.69536590576172,
      "std": 52.721988677978516
    },
    "phi_deg": {
      "mean": 180.06549072265625,
      "std": 104.09566497802734
    }
  },
  "unmodified": {
    "n_events": 1000,
    "n_total_particles": 530537,
    "system_label": "Xe-129+Au-197 @ 5.0 GeV",
    "sqrt_s_NN": 5.0,
    "A1": 129,
    "Z1": 54,
    "A2": 197,
    "Z2": 79,
    "n_avg_per_event": 530.537,
    "n_std_per_event": 31.779154032163913,
    "pt": {
      "mean": 0.4505734443664551,
      "std": 0.3356730043888092,
      "median": 0.3639059364795685,
      "min": 0.0001252692745765671,
      "max": 3.7470662593841553
    },
    "y": {
      "mean": -0.17944778501987457,
      "std": 0.8087121844291687,
      "median": -0.20348703861236572,
      "min": -3.332881450653076,
      "max": 3.241177797317505
    },
    "eta": {
      "mean": -0.340128093957901,
      "std": 1.4983601570129395,
      "median": -0.3126652240753174,
      "min": -9.870185852050781,
      "max": 7.490877628326416
    },
    "theta_deg": {
      "mean": 101.679931640625,
      "std": 52.354026794433594
    },
    "phi_deg": {
      "mean": 180.2426300048828,
      "std": 104.02330017089844
    }
  },
  "cumulative": {
    "total_events_modified": 1000,
    "total_events_unmodified": 1000,
    "total_particles_modified": 529229,
    "total_particles_unmodified": 530537,
    "signatures_detected": 0,
    "avg_multiplicity_modified": 529.229,
    "avg_multiplicity_unmodified": 530.537,
    "forbidden_breakdown_modified": {
      "very_forward": 1,
      "very_backward": 31,
      "impossible_kin": 0,
      "extreme_sideways": 457
    },
    "forbidden_breakdown_unmodified": {
      "very_forward": 0,
      "very_backward": 20,
      "impossible_kin": 0,
      "extreme_sideways": 480
    },
    "total_forbidden_modified": 489,
    "total_forbidden_unmodified": 500,
    "n_angular_samples_modified": 529229,
    "n_angular_samples_unmodified": 530537
  }
}