{
  "run_name": "run_5",
  "modified": {
    "n_events": 1000,
    "n_total_particles": 528021,
    "system_label": "Xe-129+Au-197 @ 5.0 GeV",
    "sqrt_s_NN": 5.0,
    "A1": 129,
    "Z1": 54,
    "A2": 197,
    "Z2": 79,
    "n_avg_per_event": 528.021,
    "n_std_per_event": 31.051224758453568,
    "pt": {
      "mean": 0.4452822506427765,
      "std": 0.3351114094257355,
      "median": 0.35675448179244995,
      "min": 0.0003018387942574918,
      "max": 3.446333408355713
    },
    "y": {
      "mean": -0.17975130677223206,
      "std": 0.8166134357452393,
      "median": -0.20161007344722748,
      "min": -3.206803560256958,
      "max": 3.3337743282318115
    },
    "eta": {
      "mean": -0.3540078103542328,
      "std": 1.536186933517456,
      "median": -0.31121957302093506,
      "min": -9.080011367797852,
      "max": 9.005502700805664
    },
    "theta_deg": {
      "mean": 101.71183013916016,
      "std": 52.85580825805664
    },
    "phi_deg": {
      "mean": 180.00100708007812,
      "std": 104.04935455322266
    }
  },
  "unmodified": {
    "n_events": 1000,
    "n_total_particles": 532775,
    "system_label": "Xe-129+Au-197 @ 5.0 GeV",
    "sqrt_s_NN": 5.0,
    "A1": 129,
    "Z1": 54,
    "A2": 197,
    "Z2": 79,
    "n_avg_per_event": 532.775,
    "n_std_per_event": 31.136447693980763,
    "pt": {
      "mean": 0.4523516893386841,
      "std": 0.3365437686443329,
      "median": 0.36602193117141724,
      "min": 0.00036437655217014253,
      "max": 3.245521306991577
    },
    "y": {
      "mean": -0.18064597249031067,
      "std": 0.8053030371665955,
      "median": -0.20510847866535187,
      "min": -3.315661668777466,
      "max": 3.3624942302703857
    },
    "eta": {
      "mean": -0.33741647005081177,
      "std": 1.4866119623184204,
      "median": -0.3144644796848297,
      "min": -7.730458736419678,
      "max": 8.395319938659668
    },
    "theta_deg": {
      "mean": 101.72151184082031,
      "std": 52.10724639892578
    },
    "phi_deg": {
      "mean": 179.9148406982422,
      "std": 104.04519653320312
    }
  },
  "cumulative": {
    "total_events_modified": 1000,
    "total_events_unmodified": 1000,
    "total_particles_modified": 528021,
    "total_particles_unmodified": 532775,
    "signatures_detected": 0,
    "avg_multiplicity_modified": 528.021,
    "avg_multiplicity_unmodified": 532.775,
    "forbidden_breakdown_modified": {
      "very_forward": 1,
      "very_backward": 22,
      "impossible_kin": 0,
      "extreme_sideways": 469
    },
    "forbidden_breakdown_unmodified": {
      "very_forward": 0,
      "very_backward": 18,
      "impossible_kin": 0,
      "extreme_sideways": 519
    },
    "total_forbidden_modified": 492,
    "total_forbidden_unmodified": 537,
    "n_angular_samples_modified": 528021,
    "n_angular_samples_unmodified": 532775
  }
}