{
  "run_name": "run_9",
  "modified": {
    "n_events": 1000,
    "n_total_particles": 528744,
    "system_label": "Xe-129+Au-197 @ 5.0 GeV",
    "sqrt_s_NN": 5.0,
    "A1": 129,
    "Z1": 54,
    "A2": 197,
    "Z2": 79,
    "n_avg_per_event": 528.744,
    "n_std_per_event": 31.118715654730995,
    "pt": {
      "mean": 0.4445996880531311,
      "std": 0.33483192324638367,
      "median": 0.35638427734375,
      "min": 0.0002659522579051554,
      "max": 3.1700990200042725
    },
    "y": {
      "mean": -0.17991137504577637,
      "std": 0.8158372640609741,
      "median": -0.20255616307258606,
      "min": -3.2121472358703613,
      "max": 3.2992541790008545
    },
    "eta": {
      "mean": -0.35380125045776367,
      "std": 1.5343587398529053,
      "median": -0.31085968017578125,
      "min": -9.461369514465332,
      "max": 7.733211040496826
    },
    "theta_deg": {
      "mean": 101.7294921875,
      "std": 52.84368133544922
    },
    "phi_deg": {
      "mean": 179.95828247070312,
      "std": 104.04951477050781
    }
  },
  "unmodified": {
    "n_events": 1000,
    "n_total_particles": 533058,
    "system_label": "Xe-129+Au-197 @ 5.0 GeV",
    "sqrt_s_NN": 5.0,
    "A1": 129,
    "Z1": 54,
    "A2": 197,
    "Z2": 79,
    "n_avg_per_event": 533.058,
    "n_std_per_event": 31.246930025204076,
    "pt": {
      "mean": 0.45192644000053406,
      "std": 0.3356693387031555,
      "median": 0.36620303988456726,
      "min": 0.0001518051722086966,
      "max": 3.2280237674713135
    },
    "y": {
      "mean": -0.18057502806186676,
      "std": 0.8048882484436035,
      "median": -0.20489589869976044,
      "min": -3.1862804889678955,
      "max": 3.444836139678955
    },
    "eta": {
      "mean": -0.3367123007774353,
      "std": 1.484649419784546,
      "median": -0.31421661376953125,
      "min": -7.371341705322266,
      "max": 8.094441413879395
    },
    "theta_deg": {
      "mean": 101.72286224365234,
      "std": 52.10576629638672
    },
    "phi_deg": {
      "mean": 180.0819549560547,
      "std": 104.02177429199219
    }
  },
  "cumulative": {
    "total_events_modified": 1000,
    "total_events_unmodified": 1000,
    "total_particles_modified": 528744,
    "total_particles_unmodified": 533058,
    "signatures_detected": 0,
    "avg_multiplicity_modified": 528.744,
    "avg_multiplicity_unmodified": 533.058,
    "forbidden_breakdown_modified": {
      "very_forward": 1,
      "very_backward": 25,
      "impossible_kin": 0,
      "extreme_sideways": 460
    },
    "forbidden_breakdown_unmodified": {
      "very_forward": 1,
      "very_backward": 17,
      "impossible_kin": 0,
      "extreme_sideways": 470
    },
    "total_forbidden_modified": 486,
    "total_forbidden_unmodified": 488,
    "n_angular_samples_modified": 528744,
    "n_angular_samples_unmodified": 533058
  }
}