{
  "run_name": "run_3",
  "modified": {
    "n_events": 1000,
    "n_total_particles": 439661,
    "system_label": "Xe-129+Au-197 @ 3.0 GeV",
    "sqrt_s_NN": 3.0,
    "A1": 129,
    "Z1": 54,
    "A2": 197,
    "Z2": 79,
    "n_avg_per_event": 439.661,
    "n_std_per_event": 18.47842198349199,
    "pt": {
      "mean": 0.4272023141384125,
      "std": 0.31414443254470825,
      "median": 0.348823219537735,
      "min": 0.00022545586398337036,
      "max": 3.337118148803711
    },
    "y": {
      "mean": -0.17265932261943817,
      "std": 0.7237082719802856,
      "median": -0.21636559069156647,
      "min": -3.123716115951538,
      "max": 2.869903802871704
    },
    "eta": {
      "mean": -0.36016377806663513,
      "std": 1.5573583841323853,
      "median": -0.3647591471672058,
      "min": -8.606989860534668,
      "max": 8.782586097717285
    },
    "theta_deg": {
      "mean": 102.8713150024414,
      "std": 53.44049072265625
    },
    "phi_deg": {
      "mean": 179.9324951171875,
      "std": 103.84347534179688
    }
  },
  "unmodified": {
    "n_events": 1000,
    "n_total_particles": 444887,
    "system_label": "Xe-129+Au-197 @ 3.0 GeV",
    "sqrt_s_NN": 3.0,
    "A1": 129,
    "Z1": 54,
    "A2": 197,
    "Z2": 79,
    "n_avg_per_event": 444.887,
    "n_std_per_event": 19.161582163276602,
    "pt": {
      "mean": 0.4431331157684326,
      "std": 0.316834032535553,
      "median": 0.3684644401073456,
      "min": 9.200194472214207e-05,
      "max": 3.083620309829712
    },
    "y": {
      "mean": -0.17102931439876556,
      "std": 0.7040299773216248,
      "median": -0.20525237917900085,
      "min": -2.967097043991089,
      "max": 3.073225975036621
    },
    "eta": {
      "mean": -0.35686159133911133,
      "std": 1.4505956172943115,
      "median": -0.3443155884742737,
      "min": -7.486082077026367,
      "max": 9.88037109375
    },
    "theta_deg": {
      "mean": 102.73529052734375,
      "std": 51.7719841003418
    },
    "phi_deg": {
      "mean": 180.27528381347656,
      "std": 103.8329086303711
    }
  },
  "cumulative": {
    "total_events_modified": 1000,
    "total_events_unmodified": 1000,
    "total_particles_modified": 439661,
    "total_particles_unmodified": 444887,
    "signatures_detected": 0,
    "avg_multiplicity_modified": 439.661,
    "avg_multiplicity_unmodified": 444.887,
    "forbidden_breakdown_modified": {
      "very_forward": 0,
      "very_backward": 0,
      "impossible_kin": 0,
      "extreme_sideways": 291
    },
    "forbidden_breakdown_unmodified": {
      "very_forward": 0,
      "very_backward": 2,
      "impossible_kin": 0,
      "extreme_sideways": 313
    },
    "total_forbidden_modified": 291,
    "total_forbidden_unmodified": 315,
    "n_angular_samples_modified": 439661,
    "n_angular_samples_unmodified": 444887
  }
}