{
  "run_name": "run_9",
  "modified": {
    "n_events": 1000,
    "n_total_particles": 439420,
    "system_label": "Xe-129+Au-197 @ 3.0 GeV",
    "sqrt_s_NN": 3.0,
    "A1": 129,
    "Z1": 54,
    "A2": 197,
    "Z2": 79,
    "n_avg_per_event": 439.42,
    "n_std_per_event": 18.37959738405605,
    "pt": {
      "mean": 0.4259679615497589,
      "std": 0.31347817182540894,
      "median": 0.34683066606521606,
      "min": 0.00019932218128815293,
      "max": 3.2694244384765625
    },
    "y": {
      "mean": -0.17334245145320892,
      "std": 0.7238193154335022,
      "median": -0.21681073307991028,
      "min": -3.1356871128082275,
      "max": 2.830127477645874
    },
    "eta": {
      "mean": -0.36667928099632263,
      "std": 1.5624778270721436,
      "median": -0.3644102215766907,
      "min": -8.747472763061523,
      "max": 9.382168769836426
    },
    "theta_deg": {
      "mean": 102.953857421875,
      "std": 53.515350341796875
    },
    "phi_deg": {
      "mean": 180.09060668945312,
      "std": 103.81675720214844
    }
  },
  "unmodified": {
    "n_events": 1000,
    "n_total_particles": 444691,
    "system_label": "Xe-129+Au-197 @ 3.0 GeV",
    "sqrt_s_NN": 3.0,
    "A1": 129,
    "Z1": 54,
    "A2": 197,
    "Z2": 79,
    "n_avg_per_event": 444.691,
    "n_std_per_event": 18.545876064505553,
    "pt": {
      "mean": 0.4435870945453644,
      "std": 0.3173680901527405,
      "median": 0.3692481815814972,
      "min": 0.0004428625397849828,
      "max": 2.9293484687805176
    },
    "y": {
      "mean": -0.1712714433670044,
      "std": 0.7031357884407043,
      "median": -0.20540295541286469,
      "min": -3.2495932579040527,
      "max": 2.9017176628112793
    },
    "eta": {
      "mean": -0.358676016330719,
      "std": 1.4504324197769165,
      "median": -0.343882292509079,
      "min": -7.316224098205566,
      "max": 6.890898704528809
    },
    "theta_deg": {
      "mean": 102.77033996582031,
      "std": 51.74561309814453
    },
    "phi_deg": {
      "mean": 180.0862579345703,
      "std": 103.83055114746094
    }
  },
  "cumulative": {
    "total_events_modified": 1000,
    "total_events_unmodified": 1000,
    "total_particles_modified": 439420,
    "total_particles_unmodified": 444691,
    "signatures_detected": 0,
    "avg_multiplicity_modified": 439.42,
    "avg_multiplicity_unmodified": 444.691,
    "forbidden_breakdown_modified": {
      "very_forward": 0,
      "very_backward": 2,
      "impossible_kin": 0,
      "extreme_sideways": 257
    },
    "forbidden_breakdown_unmodified": {
      "very_forward": 0,
      "very_backward": 1,
      "impossible_kin": 0,
      "extreme_sideways": 297
    },
    "total_forbidden_modified": 259,
    "total_forbidden_unmodified": 298,
    "n_angular_samples_modified": 439420,
    "n_angular_samples_unmodified": 444691
  }
}