{
  "run_name": "run_2",
  "modified": {
    "n_events": 1000,
    "n_total_particles": 439827,
    "system_label": "Xe-129+Au-197 @ 3.0 GeV",
    "sqrt_s_NN": 3.0,
    "A1": 129,
    "Z1": 54,
    "A2": 197,
    "Z2": 79,
    "n_avg_per_event": 439.827,
    "n_std_per_event": 18.081898987661667,
    "pt": {
      "mean": 0.4280148148536682,
      "std": 0.31446337699890137,
      "median": 0.3496905565261841,
      "min": 0.0007379485759884119,
      "max": 3.093952178955078
    },
    "y": {
      "mean": -0.17238308489322662,
      "std": 0.7223164439201355,
      "median": -0.21522249281406403,
      "min": -3.025261640548706,
      "max": 3.013970375061035
    },
    "eta": {
      "mean": -0.3599739968776703,
      "std": 1.5566496849060059,
      "median": -0.3620765507221222,
      "min": -7.443838119506836,
      "max": 7.627673149108887
    },
    "theta_deg": {
      "mean": 102.84862518310547,
      "std": 53.37557601928711
    },
    "phi_deg": {
      "mean": 179.92674255371094,
      "std": 103.86295318603516
    }
  },
  "unmodified": {
    "n_events": 1000,
    "n_total_particles": 444136,
    "system_label": "Xe-129+Au-197 @ 3.0 GeV",
    "sqrt_s_NN": 3.0,
    "A1": 129,
    "Z1": 54,
    "A2": 197,
    "Z2": 79,
    "n_avg_per_event": 444.136,
    "n_std_per_event": 19.17403202250377,
    "pt": {
      "mean": 0.442714124917984,
      "std": 0.31738266348838806,
      "median": 0.36803460121154785,
      "min": 0.0004582296824082732,
      "max": 2.8052453994750977
    },
    "y": {
      "mean": -0.1700257956981659,
      "std": 0.7047572731971741,
      "median": -0.20423626899719238,
      "min": -2.92966890335083,
      "max": 2.927142381668091
    },
    "eta": {
      "mean": -0.35852235555648804,
      "std": 1.4584776163101196,
      "median": -0.3426549434661865,
      "min": -7.939813613891602,
      "max": 6.449554920196533
    },
    "theta_deg": {
      "mean": 102.69596862792969,
      "std": 51.85222625732422
    },
    "phi_deg": {
      "mean": 179.96141052246094,
      "std": 103.82686614990234
    }
  },
  "cumulative": {
    "total_events_modified": 1000,
    "total_events_unmodified": 1000,
    "total_particles_modified": 439827,
    "total_particles_unmodified": 444136,
    "signatures_detected": 0,
    "avg_multiplicity_modified": 439.827,
    "avg_multiplicity_unmodified": 444.136,
    "forbidden_breakdown_modified": {
      "very_forward": 0,
      "very_backward": 2,
      "impossible_kin": 0,
      "extreme_sideways": 267
    },
    "forbidden_breakdown_unmodified": {
      "very_forward": 0,
      "very_backward": 2,
      "impossible_kin": 0,
      "extreme_sideways": 296
    },
    "total_forbidden_modified": 269,
    "total_forbidden_unmodified": 298,
    "n_angular_samples_modified": 439827,
    "n_angular_samples_unmodified": 444136
  }
}