{
  "run_name": "run_7",
  "modified": {
    "n_events": 1000,
    "n_total_particles": 439580,
    "system_label": "Xe-129+Au-197 @ 3.0 GeV",
    "sqrt_s_NN": 3.0,
    "A1": 129,
    "Z1": 54,
    "A2": 197,
    "Z2": 79,
    "n_avg_per_event": 439.58,
    "n_std_per_event": 17.983703734214487,
    "pt": {
      "mean": 0.4264985918998718,
      "std": 0.31364697217941284,
      "median": 0.34805670380592346,
      "min": 0.0006141644553281367,
      "max": 2.8676822185516357
    },
    "y": {
      "mean": -0.17342154681682587,
      "std": 0.7239535450935364,
      "median": -0.2189844846725464,
      "min": -3.1332435607910156,
      "max": 2.8410542011260986
    },
    "eta": {
      "mean": -0.3613317012786865,
      "std": 1.5609755516052246,
      "median": -0.36762675642967224,
      "min": -8.15060043334961,
      "max": 7.9546380043029785
    },
    "theta_deg": {
      "mean": 102.9119644165039,
      "std": 53.49374771118164
    },
    "phi_deg": {
      "mean": 179.9932861328125,
      "std": 103.80855560302734
    }
  },
  "unmodified": {
    "n_events": 1000,
    "n_total_particles": 443450,
    "system_label": "Xe-129+Au-197 @ 3.0 GeV",
    "sqrt_s_NN": 3.0,
    "A1": 129,
    "Z1": 54,
    "A2": 197,
    "Z2": 79,
    "n_avg_per_event": 443.45,
    "n_std_per_event": 18.89480087219762,
    "pt": {
      "mean": 0.44255658984184265,
      "std": 0.3169633150100708,
      "median": 0.36769092082977295,
      "min": 0.0007804593769833446,
      "max": 3.123610258102417
    },
    "y": {
      "mean": -0.1699237823486328,
      "std": 0.7058965563774109,
      "median": -0.20546555519104004,
      "min": -3.374699592590332,
      "max": 2.922748327255249
    },
    "eta": {
      "mean": -0.35725176334381104,
      "std": 1.4603863954544067,
      "median": -0.34544187784194946,
      "min": -7.477615833282471,
      "max": 6.826783180236816
    },
    "theta_deg": {
      "mean": 102.70287322998047,
      "std": 51.959999084472656
    },
    "phi_deg": {
      "mean": 180.14816284179688,
      "std": 103.83063507080078
    }
  },
  "cumulative": {
    "total_events_modified": 1000,
    "total_events_unmodified": 1000,
    "total_particles_modified": 439580,
    "total_particles_unmodified": 443450,
    "signatures_detected": 0,
    "avg_multiplicity_modified": 439.58,
    "avg_multiplicity_unmodified": 443.45,
    "forbidden_breakdown_modified": {
      "very_forward": 0,
      "very_backward": 2,
      "impossible_kin": 0,
      "extreme_sideways": 286
    },
    "forbidden_breakdown_unmodified": {
      "very_forward": 0,
      "very_backward": 1,
      "impossible_kin": 0,
      "extreme_sideways": 308
    },
    "total_forbidden_modified": 288,
    "total_forbidden_unmodified": 309,
    "n_angular_samples_modified": 439580,
    "n_angular_samples_unmodified": 443450
  }
}