{
  "run_name": "run_1",
  "modified": {
    "n_events": 1000,
    "n_total_particles": 393787,
    "system_label": "Xe-129+Au-197 @ 2.0 GeV",
    "sqrt_s_NN": 2.0,
    "A1": 129,
    "Z1": 54,
    "A2": 197,
    "Z2": 79,
    "n_avg_per_event": 393.787,
    "n_std_per_event": 11.968359578488608,
    "pt": {
      "mean": 0.422475665807724,
      "std": 0.29243651032447815,
      "median": 0.3581172525882721,
      "min": 0.0003945077187381685,
      "max": 3.211378812789917
    },
    "y": {
      "mean": -0.1596490889787674,
      "std": 0.623420774936676,
      "median": -0.20056354999542236,
      "min": -2.6745893955230713,
      "max": 2.5144665241241455
    },
    "eta": {
      "mean": -0.37945863604545593,
      "std": 1.4411497116088867,
      "median": -0.3710292875766754,
      "min": -8.843485832214355,
      "max": 7.67828369140625
    },
    "theta_deg": {
      "mean": 103.60681915283203,
      "std": 51.82817077636719
    },
    "phi_deg": {
      "mean": 179.93972778320312,
      "std": 103.61840057373047
    }
  },
  "unmodified": {
    "n_events": 1000,
    "n_total_particles": 393981,
    "system_label": "Xe-129+Au-197 @ 2.0 GeV",
    "sqrt_s_NN": 2.0,
    "A1": 129,
    "Z1": 54,
    "A2": 197,
    "Z2": 79,
    "n_avg_per_event": 393.981,
    "n_std_per_event": 11.7255549548838,
    "pt": {
      "mean": 0.42687883973121643,
      "std": 0.2934187352657318,
      "median": 0.36284732818603516,
      "min": 0.0004319793952163309,
      "max": 2.439643621444702
    },
    "y": {
      "mean": -0.15883241593837738,
      "std": 0.6200123429298401,
      "median": -0.19968587160110474,
      "min": -2.574103355407715,
      "max": 2.809330463409424
    },
    "eta": {
      "mean": -0.36984896659851074,
      "std": 1.4201205968856812,
      "median": -0.3699154257774353,
      "min": -7.410572528839111,
      "max": 7.281108379364014
    },
    "theta_deg": {
      "mean": 103.51492309570312,
      "std": 51.45266342163086
    },
    "phi_deg": {
      "mean": 179.94322204589844,
      "std": 103.474365234375
    }
  },
  "cumulative": {
    "total_events_modified": 1000,
    "total_events_unmodified": 1000,
    "total_particles_modified": 393787,
    "total_particles_unmodified": 393981,
    "signatures_detected": 0,
    "avg_multiplicity_modified": 393.787,
    "avg_multiplicity_unmodified": 393.981,
    "forbidden_breakdown_modified": {
      "very_forward": 0,
      "very_backward": 0,
      "impossible_kin": 0,
      "extreme_sideways": 158
    },
    "forbidden_breakdown_unmodified": {
      "very_forward": 0,
      "very_backward": 0,
      "impossible_kin": 0,
      "extreme_sideways": 171
    },
    "total_forbidden_modified": 158,
    "total_forbidden_unmodified": 171,
    "n_angular_samples_modified": 393787,
    "n_angular_samples_unmodified": 393981
  }
}