{
  "run_name": "run_7",
  "modified": {
    "n_events": 1000,
    "n_total_particles": 394096,
    "system_label": "Xe-129+Au-197 @ 2.0 GeV",
    "sqrt_s_NN": 2.0,
    "A1": 129,
    "Z1": 54,
    "A2": 197,
    "Z2": 79,
    "n_avg_per_event": 394.096,
    "n_std_per_event": 11.803253110901247,
    "pt": {
      "mean": 0.4223117530345917,
      "std": 0.2923087477684021,
      "median": 0.35767239332199097,
      "min": 0.0005030600586906075,
      "max": 2.7394585609436035
    },
    "y": {
      "mean": -0.159341961145401,
      "std": 0.6236633658409119,
      "median": -0.19929981231689453,
      "min": -2.6771633625030518,
      "max": 2.6551125049591064
    },
    "eta": {
      "mean": -0.3813208341598511,
      "std": 1.439557433128357,
      "median": -0.3708404302597046,
      "min": -8.326282501220703,
      "max": 7.189496040344238
    },
    "theta_deg": {
      "mean": 103.6182632446289,
      "std": 51.814090728759766
    },
    "phi_deg": {
      "mean": 179.83819580078125,
      "std": 103.61275482177734
    }
  },
  "unmodified": {
    "n_events": 1000,
    "n_total_particles": 394604,
    "system_label": "Xe-129+Au-197 @ 2.0 GeV",
    "sqrt_s_NN": 2.0,
    "A1": 129,
    "Z1": 54,
    "A2": 197,
    "Z2": 79,
    "n_avg_per_event": 394.604,
    "n_std_per_event": 11.955132119721638,
    "pt": {
      "mean": 0.42548197507858276,
      "std": 0.2922515273094177,
      "median": 0.36163797974586487,
      "min": 0.00021345711138565093,
      "max": 2.7294082641601562
    },
    "y": {
      "mean": -0.15959110856056213,
      "std": 0.6200785040855408,
      "median": -0.19941800832748413,
      "min": -2.7338500022888184,
      "max": 2.5555567741394043
    },
    "eta": {
      "mean": -0.37228718400001526,
      "std": 1.4198918342590332,
      "median": -0.37120410799980164,
      "min": -7.868473052978516,
      "max": 9.199198722839355
    },
    "theta_deg": {
      "mean": 103.5814208984375,
      "std": 51.43632507324219
    },
    "phi_deg": {
      "mean": 179.98721313476562,
      "std": 103.55706787109375
    }
  },
  "cumulative": {
    "total_events_modified": 1000,
    "total_events_unmodified": 1000,
    "total_particles_modified": 394096,
    "total_particles_unmodified": 394604,
    "signatures_detected": 1,
    "avg_multiplicity_modified": 394.096,
    "avg_multiplicity_unmodified": 394.604,
    "forbidden_breakdown_modified": {
      "very_forward": 0,
      "very_backward": 0,
      "impossible_kin": 0,
      "extreme_sideways": 166
    },
    "forbidden_breakdown_unmodified": {
      "very_forward": 0,
      "very_backward": 0,
      "impossible_kin": 0,
      "extreme_sideways": 157
    },
    "total_forbidden_modified": 166,
    "total_forbidden_unmodified": 157,
    "n_angular_samples_modified": 394096,
    "n_angular_samples_unmodified": 394604
  }
}