{
  "run_name": "run_6",
  "modified": {
    "n_events": 1000,
    "n_total_particles": 394790,
    "system_label": "Xe-129+Au-197 @ 2.0 GeV",
    "sqrt_s_NN": 2.0,
    "A1": 129,
    "Z1": 54,
    "A2": 197,
    "Z2": 79,
    "n_avg_per_event": 394.79,
    "n_std_per_event": 11.861193025998691,
    "pt": {
      "mean": 0.4250420331954956,
      "std": 0.29334598779678345,
      "median": 0.3610309362411499,
      "min": 0.0005528972251340747,
      "max": 2.8754687309265137
    },
    "y": {
      "mean": -0.15927579998970032,
      "std": 0.6200876832008362,
      "median": -0.19781211018562317,
      "min": -2.796024799346924,
      "max": 2.55753493309021
    },
    "eta": {
      "mean": -0.3778938949108124,
      "std": 1.429075002670288,
      "median": -0.36488428711891174,
      "min": -8.032296180725098,
      "max": 6.9552693367004395
    },
    "theta_deg": {
      "mean": 103.58981323242188,
      "std": 51.506752014160156
    },
    "phi_deg": {
      "mean": 180.05625915527344,
      "std": 103.6107177734375
    }
  },
  "unmodified": {
    "n_events": 1000,
    "n_total_particles": 393537,
    "system_label": "Xe-129+Au-197 @ 2.0 GeV",
    "sqrt_s_NN": 2.0,
    "A1": 129,
    "Z1": 54,
    "A2": 197,
    "Z2": 79,
    "n_avg_per_event": 393.537,
    "n_std_per_event": 12.063773497542135,
    "pt": {
      "mean": 0.4256802797317505,
      "std": 0.2925845682621002,
      "median": 0.36161741614341736,
      "min": 0.00044017695472575724,
      "max": 2.5097739696502686
    },
    "y": {
      "mean": -0.15945827960968018,
      "std": 0.6217776536941528,
      "median": -0.20021620392799377,
      "min": -2.8681390285491943,
      "max": 2.8075337409973145
    },
    "eta": {
      "mean": -0.3714626133441925,
      "std": 1.4238839149475098,
      "median": -0.3741312623023987,
      "min": -7.486932754516602,
      "max": 8.519577980041504
    },
    "theta_deg": {
      "mean": 103.53632354736328,
      "std": 51.58799743652344
    },
    "phi_deg": {
      "mean": 179.9552764892578,
      "std": 103.51628875732422
    }
  },
  "cumulative": {
    "total_events_modified": 1000,
    "total_events_unmodified": 1000,
    "total_particles_modified": 394790,
    "total_particles_unmodified": 393537,
    "signatures_detected": 0,
    "avg_multiplicity_modified": 394.79,
    "avg_multiplicity_unmodified": 393.537,
    "forbidden_breakdown_modified": {
      "very_forward": 0,
      "very_backward": 0,
      "impossible_kin": 0,
      "extreme_sideways": 164
    },
    "forbidden_breakdown_unmodified": {
      "very_forward": 0,
      "very_backward": 0,
      "impossible_kin": 0,
      "extreme_sideways": 184
    },
    "total_forbidden_modified": 164,
    "total_forbidden_unmodified": 184,
    "n_angular_samples_modified": 394790,
    "n_angular_samples_unmodified": 393537
  }
}