{
  "run_name": "run_10",
  "modified": {
    "n_events": 1000,
    "n_total_particles": 394149,
    "system_label": "Xe-129+Au-197 @ 2.0 GeV",
    "sqrt_s_NN": 2.0,
    "A1": 129,
    "Z1": 54,
    "A2": 197,
    "Z2": 79,
    "n_avg_per_event": 394.149,
    "n_std_per_event": 12.260701407342077,
    "pt": {
      "mean": 0.42347463965415955,
      "std": 0.2928318679332733,
      "median": 0.35938191413879395,
      "min": 0.0006212387816049159,
      "max": 2.5712430477142334
    },
    "y": {
      "mean": -0.15918266773223877,
      "std": 0.622245728969574,
      "median": -0.1991432160139084,
      "min": -2.9919867515563965,
      "max": 2.7627854347229004
    },
    "eta": {
      "mean": -0.3766377866268158,
      "std": 1.4388368129730225,
      "median": -0.36833080649375916,
      "min": -7.785406589508057,
      "max": 7.93439245223999
    },
    "theta_deg": {
      "mean": 103.53754425048828,
      "std": 51.726619720458984
    },
    "phi_deg": {
      "mean": 179.6711883544922,
      "std": 103.56411743164062
    }
  },
  "unmodified": {
    "n_events": 1000,
    "n_total_particles": 393936,
    "system_label": "Xe-129+Au-197 @ 2.0 GeV",
    "sqrt_s_NN": 2.0,
    "A1": 129,
    "Z1": 54,
    "A2": 197,
    "Z2": 79,
    "n_avg_per_event": 393.936,
    "n_std_per_event": 12.09503633727489,
    "pt": {
      "mean": 0.4265420138835907,
      "std": 0.29372072219848633,
      "median": 0.3616916239261627,
      "min": 0.00029375526355579495,
      "max": 2.6331570148468018
    },
    "y": {
      "mean": -0.15924428403377533,
      "std": 0.620157778263092,
      "median": -0.20169073343276978,
      "min": -2.75948429107666,
      "max": 2.6232056617736816
    },
    "eta": {
      "mean": -0.370637983083725,
      "std": 1.4231457710266113,
      "median": -0.37177178263664246,
      "min": -7.653188705444336,
      "max": 8.831753730773926
    },
    "theta_deg": {
      "mean": 103.5217056274414,
      "std": 51.50666427612305
    },
    "phi_deg": {
      "mean": 180.22274780273438,
      "std": 103.60639190673828
    }
  },
  "cumulative": {
    "total_events_modified": 1000,
    "total_events_unmodified": 1000,
    "total_particles_modified": 394149,
    "total_particles_unmodified": 393936,
    "signatures_detected": 0,
    "avg_multiplicity_modified": 394.149,
    "avg_multiplicity_unmodified": 393.936,
    "forbidden_breakdown_modified": {
      "very_forward": 0,
      "very_backward": 0,
      "impossible_kin": 0,
      "extreme_sideways": 145
    },
    "forbidden_breakdown_unmodified": {
      "very_forward": 0,
      "very_backward": 0,
      "impossible_kin": 0,
      "extreme_sideways": 163
    },
    "total_forbidden_modified": 145,
    "total_forbidden_unmodified": 163,
    "n_angular_samples_modified": 394149,
    "n_angular_samples_unmodified": 393936
  }
}