{
  "run_name": "run_9",
  "modified": {
    "n_events": 1000,
    "n_total_particles": 394415,
    "system_label": "Xe-129+Au-197 @ 2.0 GeV",
    "sqrt_s_NN": 2.0,
    "A1": 129,
    "Z1": 54,
    "A2": 197,
    "Z2": 79,
    "n_avg_per_event": 394.415,
    "n_std_per_event": 12.00153219384925,
    "pt": {
      "mean": 0.4251587688922882,
      "std": 0.2935844957828522,
      "median": 0.36131659150123596,
      "min": 0.0009686528937891126,
      "max": 2.5300204753875732
    },
    "y": {
      "mean": -0.15926256775856018,
      "std": 0.6206182837486267,
      "median": -0.19813205301761627,
      "min": -2.959595203399658,
      "max": 2.7894577980041504
    },
    "eta": {
      "mean": -0.37647175788879395,
      "std": 1.4308249950408936,
      "median": -0.36768612265586853,
      "min": -7.338531017303467,
      "max": 6.740395545959473
    },
    "theta_deg": {
      "mean": 103.53727722167969,
      "std": 51.553184509277344
    },
    "phi_deg": {
      "mean": 180.22634887695312,
      "std": 103.57135772705078
    }
  },
  "unmodified": {
    "n_events": 1000,
    "n_total_particles": 393742,
    "system_label": "Xe-129+Au-197 @ 2.0 GeV",
    "sqrt_s_NN": 2.0,
    "A1": 129,
    "Z1": 54,
    "A2": 197,
    "Z2": 79,
    "n_avg_per_event": 393.742,
    "n_std_per_event": 11.545797330630743,
    "pt": {
      "mean": 0.4258960485458374,
      "std": 0.29304608702659607,
      "median": 0.3610801100730896,
      "min": 0.0010960878571495414,
      "max": 2.6768953800201416
    },
    "y": {
      "mean": -0.1590982973575592,
      "std": 0.6221138834953308,
      "median": -0.20035113394260406,
      "min": -2.759021520614624,
      "max": 2.736023187637329
    },
    "eta": {
      "mean": -0.3711528480052948,
      "std": 1.4244027137756348,
      "median": -0.3708193600177765,
      "min": -7.616199016571045,
      "max": 7.045963764190674
    },
    "theta_deg": {
      "mean": 103.52156829833984,
      "std": 51.58365249633789
    },
    "phi_deg": {
      "mean": 180.09007263183594,
      "std": 103.59974670410156
    }
  },
  "cumulative": {
    "total_events_modified": 1000,
    "total_events_unmodified": 1000,
    "total_particles_modified": 394415,
    "total_particles_unmodified": 393742,
    "signatures_detected": 0,
    "avg_multiplicity_modified": 394.415,
    "avg_multiplicity_unmodified": 393.742,
    "forbidden_breakdown_modified": {
      "very_forward": 0,
      "very_backward": 0,
      "impossible_kin": 0,
      "extreme_sideways": 145
    },
    "forbidden_breakdown_unmodified": {
      "very_forward": 0,
      "very_backward": 0,
      "impossible_kin": 0,
      "extreme_sideways": 165
    },
    "total_forbidden_modified": 145,
    "total_forbidden_unmodified": 165,
    "n_angular_samples_modified": 394415,
    "n_angular_samples_unmodified": 393742
  }
}