{
  "run_name": "run_2",
  "modified": {
    "n_events": 1000,
    "n_total_particles": 393791,
    "system_label": "Xe-129+Au-197 @ 2.0 GeV",
    "sqrt_s_NN": 2.0,
    "A1": 129,
    "Z1": 54,
    "A2": 197,
    "Z2": 79,
    "n_avg_per_event": 393.791,
    "n_std_per_event": 12.069768804745186,
    "pt": {
      "mean": 0.42361676692962646,
      "std": 0.2929653525352478,
      "median": 0.3590366542339325,
      "min": 0.0006552062113769352,
      "max": 2.7243192195892334
    },
    "y": {
      "mean": -0.15994197130203247,
      "std": 0.62310391664505,
      "median": -0.20068129897117615,
      "min": -2.623063802719116,
      "max": 2.7121384143829346
    },
    "eta": {
      "mean": -0.38240474462509155,
      "std": 1.4382790327072144,
      "median": -0.3712446987628937,
      "min": -8.073506355285645,
      "max": 7.380927562713623
    },
    "theta_deg": {
      "mean": 103.65856170654297,
      "std": 51.75221633911133
    },
    "phi_deg": {
      "mean": 179.99693298339844,
      "std": 103.59486389160156
    }
  },
  "unmodified": {
    "n_events": 1000,
    "n_total_particles": 394256,
    "system_label": "Xe-129+Au-197 @ 2.0 GeV",
    "sqrt_s_NN": 2.0,
    "A1": 129,
    "Z1": 54,
    "A2": 197,
    "Z2": 79,
    "n_avg_per_event": 394.256,
    "n_std_per_event": 12.001185941397626,
    "pt": {
      "mean": 0.42622941732406616,
      "std": 0.2927626669406891,
      "median": 0.36308765411376953,
      "min": 0.00034713413333520293,
      "max": 2.76554274559021
    },
    "y": {
      "mean": -0.15853025019168854,
      "std": 0.6198403239250183,
      "median": -0.19815334677696228,
      "min": -2.650149345397949,
      "max": 2.7044081687927246
    },
    "eta": {
      "mean": -0.37204039096832275,
      "std": 1.420587182044983,
      "median": -0.3681485056877136,
      "min": -7.902378559112549,
      "max": 7.757105827331543
    },
    "theta_deg": {
      "mean": 103.49810791015625,
      "std": 51.455528259277344
    },
    "phi_deg": {
      "mean": 179.99850463867188,
      "std": 103.51935577392578
    }
  },
  "cumulative": {
    "total_events_modified": 1000,
    "total_events_unmodified": 1000,
    "total_particles_modified": 393791,
    "total_particles_unmodified": 394256,
    "signatures_detected": 0,
    "avg_multiplicity_modified": 393.791,
    "avg_multiplicity_unmodified": 394.256,
    "forbidden_breakdown_modified": {
      "very_forward": 0,
      "very_backward": 0,
      "impossible_kin": 0,
      "extreme_sideways": 172
    },
    "forbidden_breakdown_unmodified": {
      "very_forward": 0,
      "very_backward": 0,
      "impossible_kin": 0,
      "extreme_sideways": 165
    },
    "total_forbidden_modified": 172,
    "total_forbidden_unmodified": 165,
    "n_angular_samples_modified": 393791,
    "n_angular_samples_unmodified": 394256
  }
}