{
  "run_name": "run_8",
  "modified": {
    "n_events": 1000,
    "n_total_particles": 393925,
    "system_label": "Xe-129+Au-197 @ 2.0 GeV",
    "sqrt_s_NN": 2.0,
    "A1": 129,
    "Z1": 54,
    "A2": 197,
    "Z2": 79,
    "n_avg_per_event": 393.925,
    "n_std_per_event": 11.933288524124437,
    "pt": {
      "mean": 0.42303135991096497,
      "std": 0.29235681891441345,
      "median": 0.35827186703681946,
      "min": 0.00039213168201968074,
      "max": 2.7513656616210938
    },
    "y": {
      "mean": -0.15982456505298615,
      "std": 0.6238715052604675,
      "median": -0.20022186636924744,
      "min": -2.708237886428833,
      "max": 3.0077574253082275
    },
    "eta": {
      "mean": -0.3774937391281128,
      "std": 1.4358102083206177,
      "median": -0.37300094962120056,
      "min": -8.54688835144043,
      "max": 7.248495578765869
    },
    "theta_deg": {
      "mean": 103.5831069946289,
      "std": 51.79170227050781
    },
    "phi_deg": {
      "mean": 180.0646209716797,
      "std": 103.57952117919922
    }
  },
  "unmodified": {
    "n_events": 1000,
    "n_total_particles": 394717,
    "system_label": "Xe-129+Au-197 @ 2.0 GeV",
    "sqrt_s_NN": 2.0,
    "A1": 129,
    "Z1": 54,
    "A2": 197,
    "Z2": 79,
    "n_avg_per_event": 394.717,
    "n_std_per_event": 12.213390643060592,
    "pt": {
      "mean": 0.4265478551387787,
      "std": 0.29266849160194397,
      "median": 0.3628741502761841,
      "min": 0.00022457027807831764,
      "max": 2.655268430709839
    },
    "y": {
      "mean": -0.15912607312202454,
      "std": 0.6195212602615356,
      "median": -0.19936171174049377,
      "min": -2.9054369926452637,
      "max": 2.6013717651367188
    },
    "eta": {
      "mean": -0.3708823323249817,
      "std": 1.4167084693908691,
      "median": -0.36927908658981323,
      "min": -7.569377899169922,
      "max": 8.086021423339844
    },
    "theta_deg": {
      "mean": 103.54598999023438,
      "std": 51.35898208618164
    },
    "phi_deg": {
      "mean": 179.7010498046875,
      "std": 103.5438232421875
    }
  },
  "cumulative": {
    "total_events_modified": 1000,
    "total_events_unmodified": 1000,
    "total_particles_modified": 393925,
    "total_particles_unmodified": 394717,
    "signatures_detected": 1,
    "avg_multiplicity_modified": 393.925,
    "avg_multiplicity_unmodified": 394.717,
    "forbidden_breakdown_modified": {
      "very_forward": 0,
      "very_backward": 0,
      "impossible_kin": 0,
      "extreme_sideways": 177
    },
    "forbidden_breakdown_unmodified": {
      "very_forward": 0,
      "very_backward": 0,
      "impossible_kin": 0,
      "extreme_sideways": 162
    },
    "total_forbidden_modified": 177,
    "total_forbidden_unmodified": 162,
    "n_angular_samples_modified": 393925,
    "n_angular_samples_unmodified": 394717
  }
}